time/fps,time/iterations,time/time_elapsed,time/total_timesteps,train/approx_kl,train/n_updates,train/learning_rate,train/std,train/policy_gradient_loss,train/clip_range,train/entropy_loss,train/explained_variance,train/clip_fraction,rollout/ep_len_mean,train/loss,train/value_loss,rollout/ep_rew_mean
1778,1,0,512,,,,,,,,,,,,,
1663,2,0,1024,0.011316659,10,4.9483711493713155e-05,0.15941987931728363,-0.04966225028038025,0.1897189137346136,10.848221683502198,-0.9594480991363525,0.0697265625,1000.0,1.4054019451141357,3.161577582359314,-0.223811075091362
1643,3,0,1536,0.004735655,20,4.9483711493713155e-05,0.15940162539482117,-0.02570540187880397,0.1897189137346136,10.850427150726318,-0.5417412519454956,0.0095703125,1000.0,1.6873359680175781,3.673273539543152,-0.223811075091362
1618,4,1,2048,0.0035945708,30,4.9483711493713155e-05,0.1593911498785019,-0.020081443851813673,0.1897189137346136,10.853049564361573,-0.7923581600189209,0.0056640625,1000.0,1.8257189989089966,3.9435056686401366,-0.2276337444782257
1611,5,1,2560,0.0041167056,40,4.9483711493713155e-05,0.15939243137836456,-0.02126588704995811,0.1897189137346136,10.853944396972656,-0.501020073890686,0.009765625,1000.0,1.6121584177017212,3.504183459281921,-0.2276337444782257
1613,6,1,3072,0.0055151503,50,4.9483711493713155e-05,0.15939457714557648,-0.025547462701797485,0.1897189137346136,10.853375148773193,-0.667100191116333,0.015234375,1000.0,1.4710885286331177,3.2245174169540407,-0.22673507034778595
1623,7,2,3584,0.004331329,60,4.9483711493713155e-05,0.15938839316368103,-0.02184273349121213,0.1897189137346136,10.853593826293945,-0.2908896207809448,0.0083984375,1000.0,1.2978665828704834,2.8488516807556152,-0.22673507034778595
1625,8,2,4096,0.0042621326,70,4.9483711493713155e-05,0.15938161313533783,-0.021438481425866483,0.1897189137346136,10.854934024810792,-1.2705581188201904,0.0078125,1000.0,1.3442555665969849,2.952424645423889,-0.23001331090927124
1631,9,2,4608,0.004512174,80,4.9483711493713155e-05,0.15937767922878265,-0.024655877612531185,0.1897189137346136,10.85570011138916,-0.42693066596984863,0.0076171875,1000.0,1.3511399030685425,2.977347707748413,-0.23001331090927124
1631,10,3,5120,0.0042359466,90,4.9483711493713155e-05,0.15938758850097656,-0.02163642980158329,0.1897189137346136,10.855548667907716,-0.9924324750900269,0.009375,1000.0,1.1123483180999756,2.468892550468445,-0.22951385378837585
1636,11,3,5632,0.0049004434,100,4.9483711493713155e-05,0.15941070020198822,-0.02334613846614957,0.1897189137346136,10.852890682220458,-0.2396029233932495,0.012890625,1000.0,1.0489075183868408,2.3367952346801757,-0.22951385378837585
1618,12,3,6144,0.005576597,110,4.9483711493713155e-05,0.15942738950252533,-0.026620334340259434,0.1897189137346136,10.849261665344239,-0.9626904726028442,0.01484375,1000.0,0.9799164533615112,2.2177156448364257,-0.2281748503446579
1616,13,4,6656,0.005358811,120,4.9483711493713155e-05,0.15942910313606262,-0.02425146969035268,0.1897189137346136,10.847645092010499,-0.3310420513153076,0.01484375,1000.0,0.8699164986610413,1.9589913010597229,-0.2281748503446579
1608,14,4,7168,0.0043523423,130,4.9483711493713155e-05,0.1594337373971939,-0.021720333816483618,0.1897189137346136,10.847506904602051,-0.544170618057251,0.00859375,1000.0,0.8354896306991577,1.8939623832702637,-0.22771786153316498
1612,15,4,7680,0.0058630486,140,4.9483711493713155e-05,0.15943314135074615,-0.024001772189512847,0.1897189137346136,10.846786499023438,-0.2610234022140503,0.0197265625,1000.0,0.7184696197509766,1.6371757984161377,-0.22771786153316498
1615,16,5,8192,0.0054618395,150,4.9483711493713155e-05,0.15942175686359406,-0.023803829774260522,0.1897189137346136,10.847743797302247,-0.7093017101287842,0.0154296875,1000.0,0.7997673749923706,1.8163181781768798,-0.2262762039899826
1619,17,5,8704,0.005462791,160,4.9483711493713155e-05,0.15940454602241516,-0.02304406897164881,0.1897189137346136,10.850144577026366,-0.145044207572937,0.016015625,1000.0,0.6046505570411682,1.3779809832572938,-0.2262762039899826
1620,18,5,9216,0.0048739966,170,4.9483711493713155e-05,0.15940043330192566,-0.022903287329245358,0.1897189137346136,10.852216720581055,-0.6095092296600342,0.012890625,1000.0,0.6563088893890381,1.4971826434135438,-0.2253948599100113
1622,19,5,9728,0.005938408,180,4.9483711493713155e-05,0.1593974530696869,-0.02542938753031194,0.1897189137346136,10.852539348602296,-0.260509729385376,0.0193359375,1000.0,0.5428484678268433,1.2582118034362793,-0.2253948599100113
1622,20,6,10240,0.0055710673,190,4.9483711493713155e-05,0.1593894213438034,-0.022740259394049646,0.1897189137346136,10.853378200531006,-0.10005831718444824,0.0125,1000.0,0.5040060877799988,1.1650042295455934,-0.2246117889881134
1625,21,6,10752,0.005309305,200,4.9483711493713155e-05,0.15938881039619446,-0.022821267461404206,0.1897189137346136,10.854425430297852,-0.35015130043029785,0.0123046875,1000.0,0.512772798538208,1.1985480666160584,-0.2246117889881134
1626,22,6,11264,0.006718871,210,4.9483711493713155e-05,0.15939150750637054,-0.024849506467580794,0.1897189137346136,10.854035949707031,-0.2952781915664673,0.0205078125,1000.0,0.4709743857383728,1.0923235654830932,-0.2234918624162674
1628,23,7,11776,0.006142418,220,4.9483711493713155e-05,0.15938574075698853,-0.023944093752652405,0.1897189137346136,10.854190254211426,-0.2957184314727783,0.019140625,1000.0,0.4191158711910248,0.996280288696289,-0.2234918624162674
1628,24,7,12288,0.0062892456,230,4.9483711493713155e-05,0.15937788784503937,-0.024775338498875497,0.1897189137346136,10.855351543426513,-0.3285576105117798,0.01796875,1000.0,0.40787723660469055,0.9729743957519531,-0.22349409759044647
1630,25,7,12800,0.0075734816,240,4.9483711493713155e-05,0.15936772525310516,-0.028009164799004792,0.1897189137346136,10.85676031112671,-0.29093778133392334,0.0271484375,1000.0,0.3243873715400696,0.7962233901023865,-0.22349409759044647
1631,26,8,13312,0.008567413,250,4.9483711493713155e-05,0.15935438871383667,-0.02737823745701462,0.1897189137346136,10.85868673324585,-0.2672218084335327,0.0359375,1000.0,0.4547167420387268,1.0768141746520996,-0.22363974153995514
1633,27,8,13824,0.006230201,260,4.9483711493713155e-05,0.159343421459198,-0.023613047786056995,0.1897189137346136,10.860781955718995,-0.296059250831604,0.019921875,1000.0,0.31592661142349243,0.767463356256485,-0.22363974153995514
1633,28,8,14336,0.006804939,270,4.9483711493713155e-05,0.15933704376220703,-0.026865993347018956,0.1897189137346136,10.862173366546632,-0.10360240936279297,0.022265625,1000.0,0.411722332239151,0.9630861282348633,-0.2230013608932495
1635,29,9,14848,0.0059401942,280,4.9483711493713155e-05,0.15933217108249664,-0.02510072528384626,0.1897189137346136,10.863103103637695,-0.29431402683258057,0.01640625,1000.0,0.32292723655700684,0.783337265253067,-0.2230013608932495
1635,30,9,15360,0.00798532,290,4.9483711493713155e-05,0.159320667386055,-0.028271877951920033,0.1897189137346136,10.864226913452148,0.007684230804443359,0.026953125,1000.0,0.45600539445877075,1.0547560811042787,-0.22231271862983704
1636,31,9,15872,0.0059785713,300,4.9483711493713155e-05,0.15930047631263733,-0.02391828764230013,0.1897189137346136,10.866798496246338,-0.2593346834182739,0.019921875,1000.0,0.24211454391479492,0.6050673604011536,-0.22231271862983704
1635,32,10,16384,0.006276663,310,4.9483711493713155e-05,0.15928468108177185,-0.02422474157065153,0.1897189137346136,10.870013332366943,-0.09085595607757568,0.0208984375,1000.0,0.33147817850112915,0.7910144746303558,-0.22201046347618103
1636,33,10,16896,0.0062003057,320,4.9483711493713155e-05,0.15927818417549133,-0.023596328450366855,0.1897189137346136,10.871817779541015,-0.2699671983718872,0.018359375,1000.0,0.29315271973609924,0.7140518963336945,-0.22201046347618103
1636,34,10,17408,0.006385728,330,4.9483711493713155e-05,0.15926891565322876,-0.02575385491363704,0.1897189137346136,10.87293300628662,-0.2342926263809204,0.0197265625,1000.0,0.24728740751743317,0.6275303542613984,-0.22193554043769836
1638,35,10,17920,0.0056184647,340,4.9483711493713155e-05,0.1592613309621811,-0.026271679741330444,0.1897189137346136,10.874477958679199,-0.1645277738571167,0.013671875,1000.0,0.2612813115119934,0.6594367742538452,-0.22193554043769836
1637,36,11,18432,0.0073816525,350,4.9483711493713155e-05,0.1592555195093155,-0.027991598518565298,0.1897189137346136,10.875541687011719,-0.06615674495697021,0.026953125,1000.0,0.304148405790329,0.7440826296806335,-0.2215055376291275
1639,37,11,18944,0.006720519,360,4.9483711493713155e-05,0.15924222767353058,-0.025452782306820153,0.1897189137346136,10.876878452301025,-0.0996251106262207,0.0205078125,1000.0,0.1984354555606842,0.5262362718582153,-0.2215055376291275
1639,38,11,19456,0.007125407,370,4.9483711493713155e-05,0.1592286378145218,-0.02567380531691015,0.1897189137346136,10.87923059463501,-0.10122191905975342,0.019921875,1000.0,0.37931710481643677,0.8895553588867188,-0.2210654467344284
1639,39,12,19968,0.006451345,380,4.9483711493713155e-05,0.1592208594083786,-0.025090276170521973,0.1897189137346136,10.881129837036132,-0.12246763706207275,0.01875,1000.0,0.19202865660190582,0.5081823229789734,-0.2210654467344284
1639,40,12,20480,0.005709091,390,4.9483711493713155e-05,0.15922048687934875,-0.02172775398939848,0.1897189137346136,10.881788444519042,0.07439279556274414,0.014453125,1000.0,0.35184213519096375,0.8196118533611297,-0.22105184197425842
