Date,mean_dcc_corr
2017-01-25,0.270042359828949
2017-01-26,0.2819942533969879
2017-01-27,0.27357175946235657
2017-01-30,0.25937148928642273
2017-01-31,0.2774001359939575
2017-02-01,0.25987768173217773
2017-02-02,0.25805798172950745
2017-02-03,0.25762030482292175
2017-02-06,0.2705075740814209
2017-02-07,0.2749886214733124
2017-02-08,0.27159735560417175
2017-02-09,0.2700737714767456
2017-02-10,0.2726217210292816
2017-02-13,0.2732750475406647
2017-02-14,0.276191771030426
2017-02-15,0.27343207597732544
2017-02-16,0.27593621611595154
2017-02-17,0.26549413800239563
2017-02-21,0.2675606310367584
2017-02-22,0.2771894037723541
2017-02-23,0.2738383114337921
2017-02-24,0.24128179252147675
2017-02-27,0.24393726885318756
2017-02-28,0.24454042315483093
2017-03-01,0.24998395144939423
2017-03-02,0.3017946183681488
2017-03-03,0.2718138098716736
2017-03-06,0.2552616000175476
2017-03-07,0.25762173533439636
2017-03-08,0.2568441331386566
2017-03-09,0.25236454606056213
2017-03-10,0.24968194961547852
2017-03-13,0.2525835931301117
2017-03-14,0.2512679398059845
2017-03-15,0.25585341453552246
2017-03-16,0.2698150873184204
2017-03-17,0.2581785023212433
2017-03-20,0.24354314804077148
2017-03-21,0.2487114816904068
2017-03-22,0.29938793182373047
2017-03-23,0.26184508204460144
2017-03-24,0.2579696476459503
2017-03-27,0.245113343000412
2017-03-28,0.24481038749217987
2017-03-29,0.2609562277793884
2017-03-30,0.24515309929847717
2017-03-31,0.2430543750524521
2017-04-03,0.24969346821308136
2017-04-04,0.24671708047389984
2017-04-05,0.2416916936635971
2017-04-06,0.24881747364997864
2017-04-07,0.2461836338043213
2017-04-10,0.2462063431739807
2017-04-11,0.24563102424144745
2017-04-12,0.2493031919002533
2017-04-13,0.25044551491737366
2017-04-17,0.2718166708946228
2017-04-18,0.28239843249320984
2017-04-19,0.2504020035266876
2017-04-20,0.23995152115821838
2017-04-21,0.2576991319656372
2017-04-24,0.2473650574684143
2017-04-25,0.27977433800697327
2017-04-26,0.25714144110679626
2017-04-27,0.23666857182979584
2017-04-28,0.23118099570274353
2017-05-01,0.2311471402645111
2017-05-02,0.23418256640434265
2017-05-03,0.23622819781303406
2017-05-04,0.233705073595047
2017-05-05,0.23390527069568634
2017-05-08,0.24024784564971924
2017-05-09,0.2420121431350708
2017-05-10,0.2391822338104248
2017-05-11,0.2340448498725891
2017-05-12,0.23953203856945038
2017-05-15,0.23983632028102875
2017-05-16,0.24904677271842957
2017-05-17,0.2370288372039795
2017-05-18,0.33231139183044434
2017-05-19,0.2637235224246979
2017-05-22,0.25702565908432007
2017-05-23,0.2536497414112091
2017-05-24,0.24515216052532196
2017-05-25,0.23084886372089386
2017-05-26,0.23952609300613403
2017-05-30,0.23323868215084076
2017-05-31,0.2257339060306549
2017-06-01,0.22180086374282837
2017-06-02,0.23971694707870483
2017-06-05,0.22813042998313904
2017-06-06,0.22925716638565063
2017-06-07,0.2347792387008667
2017-06-08,0.22850993275642395
2017-06-09,0.22089459002017975
2017-06-12,0.18670843541622162
2017-06-13,0.21254931390285492
2017-06-14,0.23108221590518951
2017-06-15,0.22462062537670135
2017-06-16,0.22588761150836945
2017-06-19,0.22297775745391846
2017-06-20,0.24994979798793793
2017-06-21,0.24219055473804474
2017-06-22,0.21933959424495697
2017-06-23,0.2233736217021942
2017-06-26,0.213823139667511
2017-06-27,0.2160160392522812
2017-06-28,0.25208398699760437
2017-06-29,0.2511885166168213
2017-06-30,0.2741618752479553
2017-07-03,0.2339750975370407
2017-07-05,0.21408580243587494
2017-07-06,0.213112473487854
2017-07-07,0.25394999980926514
2017-07-10,0.24430032074451447
2017-07-11,0.22417199611663818
2017-07-12,0.2203202247619629
2017-07-13,0.23598746955394745
2017-07-14,0.22202666103839874
2017-07-17,0.2284737527370453
2017-07-18,0.2256961464881897
2017-07-19,0.2170042246580124
2017-07-20,0.22379614412784576
2017-07-21,0.21217681467533112
2017-07-24,0.2117665708065033
2017-07-25,0.2143719494342804
2017-07-26,0.18455269932746887
2017-07-27,0.18481402099132538
2017-07-28,0.18040888011455536
2017-07-31,0.18667413294315338
2017-08-01,0.1899695098400116
2017-08-02,0.19223715364933014
2017-08-03,0.18905329704284668
2017-08-04,0.19045408070087433
2017-08-07,0.19329488277435303
2017-08-08,0.19228626787662506
2017-08-09,0.1967983841896057
2017-08-10,0.19173289835453033
2017-08-11,0.2539747953414917
2017-08-14,0.2035987824201584
2017-08-15,0.2250474989414215
2017-08-16,0.19720184803009033
2017-08-17,0.19401806592941284
2017-08-18,0.28180742263793945
2017-08-21,0.21213708817958832
2017-08-22,0.19697026908397675
2017-08-23,0.22409875690937042
2017-08-24,0.21409283578395844
2017-08-25,0.20678286254405975
2017-08-28,0.20419558882713318
2017-08-29,0.20376992225646973
2017-08-30,0.20421402156352997
2017-08-31,0.20412802696228027
2017-09-01,0.2105584442615509
2017-09-05,0.2049035280942917
2017-09-06,0.2116439789533615
2017-09-07,0.2030186951160431
2017-09-08,0.19351007044315338
2017-09-11,0.1947910636663437
2017-09-12,0.23241354525089264
2017-09-13,0.20551426708698273
2017-09-14,0.2031998634338379
2017-09-15,0.2005234956741333
2017-09-18,0.2030128389596939
2017-09-19,0.20243336260318756
2017-09-20,0.19924728572368622
2017-09-21,0.19778956472873688
2017-09-22,0.20447418093681335
2017-09-25,0.1734936684370041
2017-09-26,0.17225289344787598
2017-09-27,0.17467807233333588
2017-09-28,0.1720951646566391
2017-09-29,0.1731487661600113
2017-10-02,0.1755661517381668
2017-10-03,0.17574039101600647
2017-10-04,0.17496347427368164
2017-10-05,0.1741577535867691
2017-10-06,0.17860212922096252
2017-10-09,0.17507748305797577
2017-10-10,0.17418162524700165
2017-10-11,0.17415861785411835
2017-10-12,0.17335358262062073
2017-10-13,0.17262062430381775
2017-10-16,0.1734098494052887
2017-10-17,0.17316313087940216
2017-10-18,0.1722434014081955
2017-10-19,0.17244626581668854
2017-10-20,0.17069296538829803
2017-10-23,0.17619995772838593
2017-10-24,0.15917250514030457
2017-10-25,0.15640516579151154
2017-10-26,0.16095474362373352
2017-10-27,0.15521036088466644
2017-10-30,0.1514960676431656
2017-10-31,0.1670079380273819
2017-11-01,0.15737739205360413
2017-11-02,0.15734587609767914
2017-11-03,0.15426398813724518
2017-11-06,0.15630050003528595
2017-11-07,0.15699608623981476
2017-11-08,0.1566784530878067
2017-11-09,0.1575518250465393
2017-11-10,0.1612709015607834
2017-11-13,0.15801841020584106
2017-11-14,0.15829432010650635
2017-11-15,0.15776509046554565
2017-11-16,0.16688337922096252
2017-11-17,0.1693953424692154
2017-11-20,0.16156023740768433
2017-11-21,0.15931496024131775
2017-11-22,0.15749889612197876
2017-11-24,0.15520907938480377
2017-11-27,0.15418648719787598
2017-11-28,0.15204046666622162
2017-11-29,0.15682798624038696
2017-11-30,0.14538732171058655
2017-12-01,0.15407013893127441
2017-12-04,0.15185478329658508
2017-12-05,0.14294108748435974
2017-12-06,0.1474681794643402
2017-12-07,0.14760220050811768
2017-12-08,0.14830635488033295
2017-12-11,0.1515464037656784
2017-12-12,0.15120109915733337
2017-12-13,0.15001875162124634
2017-12-14,0.14855140447616577
2017-12-15,0.1546075940132141
2017-12-18,0.16061151027679443
2017-12-19,0.15696193277835846
2017-12-20,0.15488050878047943
2017-12-21,0.15364693105220795
2017-12-22,0.14470437169075012
2017-12-26,0.1455247551202774
2017-12-27,0.14539064466953278
2017-12-28,0.1458270251750946
2017-12-29,0.14573290944099426
2018-01-02,0.15298709273338318
2018-01-03,0.1483149379491806
2018-01-04,0.14939263463020325
2018-01-05,0.1484137326478958
2018-01-08,0.15419639647006989
2018-01-09,0.14877739548683167
2018-01-10,0.14454743266105652
2018-01-11,0.14459016919136047
2018-01-12,0.14591844379901886
2018-01-16,0.14917011559009552
2018-01-17,0.14485575258731842
2018-01-18,0.15934646129608154
2018-01-19,0.1526387482881546
2018-01-22,0.14953872561454773
2018-01-23,0.15241028368473053
2018-01-24,0.14619240164756775
2018-01-25,0.14407090842723846
2018-01-26,0.14062152802944183
2018-01-29,0.1534755825996399
2018-01-30,0.15638136863708496
2018-01-31,0.167168989777565
2018-02-01,0.15658077597618103
2018-02-02,0.14869390428066254
2018-02-05,0.18987740576267242
2018-02-06,0.30239495635032654
2018-02-07,0.27149951457977295
2018-02-08,0.23911164700984955
2018-02-09,0.32240062952041626
2018-02-12,0.28797322511672974
2018-02-13,0.2627575695514679
2018-02-14,0.2323252111673355
2018-02-15,0.21663090586662292
2018-02-16,0.20717550814151764
2018-02-20,0.18969601392745972
2018-02-21,0.18209078907966614
2018-02-22,0.17741642892360687
2018-02-23,0.16747285425662994
2018-02-26,0.2918677031993866
2018-02-27,0.3004951477050781
2018-02-28,0.3076415956020355
2018-03-01,0.30174750089645386
2018-03-02,0.29804372787475586
2018-03-05,0.27791452407836914
2018-03-06,0.27917158603668213
2018-03-07,0.25826555490493774
2018-03-08,0.23890092968940735
2018-03-09,0.23034600913524628
2018-03-12,0.2786664664745331
2018-03-13,0.25905901193618774
2018-03-14,0.2498863935470581
2018-03-15,0.2447405904531479
2018-03-16,0.2330414056777954
2018-03-19,0.22105586528778076
2018-03-20,0.2642243206501007
2018-03-21,0.2481958270072937
2018-03-22,0.23461732268333435
2018-03-23,0.34506550431251526
2018-03-26,0.36977463960647583
2018-03-27,0.4267830550670624
2018-03-28,0.39702633023262024
2018-03-29,0.3579219877719879
2018-04-02,0.34820327162742615
2018-04-03,0.3972663879394531
2018-04-04,0.38731294870376587
2018-04-05,0.3686199486255646
2018-04-06,0.34072521328926086
2018-04-09,0.4029558300971985
2018-04-10,0.3695546090602875
2018-04-11,0.3778965175151825
2018-04-12,0.3542535603046417
2018-04-13,0.33281058073043823
2018-04-16,0.30611851811408997
2018-04-17,0.29876524209976196
2018-04-18,0.29425182938575745
2018-04-19,0.26882481575012207
2018-04-20,0.255877286195755
2018-04-23,0.26055383682250977
2018-04-24,0.24868807196617126
2018-04-25,0.26772305369377136
2018-04-26,0.28071433305740356
2018-04-27,0.27540865540504456
2018-04-30,0.2638959288597107
2018-05-01,0.27085453271865845
2018-05-02,0.2587909400463104
2018-05-03,0.26348963379859924
2018-05-04,0.25722187757492065
2018-05-07,0.275736004114151
2018-05-08,0.26669684052467346
2018-05-09,0.2572588324546814
2018-05-10,0.26331740617752075
2018-05-11,0.2748505473136902
2018-05-14,0.2659951150417328
2018-05-15,0.2584114074707031
2018-05-16,0.26670968532562256
2018-05-17,0.26345887780189514
2018-05-18,0.2542025148868561
2018-05-21,0.24499627947807312
2018-05-22,0.2577175199985504
2018-05-23,0.2527276277542114
2018-05-24,0.2449852079153061
2018-05-25,0.24349495768547058
2018-05-29,0.24127031862735748
2018-05-30,0.2702367901802063
2018-05-31,0.3026135265827179
2018-06-01,0.3029662072658539
2018-06-04,0.30629900097846985
2018-06-05,0.29938846826553345
2018-06-06,0.2897769808769226
2018-06-07,0.2936588525772095
2018-06-08,0.27589577436447144
2018-06-11,0.26915064454078674
2018-06-12,0.25922614336013794
2018-06-13,0.2530404031276703
2018-06-14,0.25069132447242737
2018-06-15,0.24223445355892181
2018-06-18,0.23370322585105896
2018-06-19,0.2346857786178589
2018-06-20,0.23083281517028809
2018-06-21,0.22781580686569214
2018-06-22,0.2357209324836731
2018-06-25,0.22746500372886658
2018-06-26,0.2650900185108185
2018-06-27,0.25928595662117004
2018-06-28,0.2701651155948639
2018-06-29,0.27057406306266785
2018-07-02,0.26204463839530945
2018-07-03,0.25760316848754883
2018-07-05,0.255601167678833
2018-07-06,0.2707267105579376
2018-07-09,0.2793141305446625
2018-07-10,0.28085508942604065
2018-07-11,0.27838122844696045
2018-07-12,0.28303059935569763
2018-07-13,0.2822640836238861
2018-07-16,0.27220284938812256
2018-07-17,0.26124122738838196
2018-07-18,0.2540954053401947
2018-07-19,0.24478651583194733
2018-07-20,0.23768475651741028
2018-07-23,0.234337717294693
2018-07-24,0.2297563999891281
2018-07-25,0.22505857050418854
2018-07-26,0.23613665997982025
2018-07-27,0.22386237978935242
2018-07-30,0.2222263664007187
2018-07-31,0.22081002593040466
2018-08-01,0.22005519270896912
2018-08-02,0.2198731005191803
2018-08-03,0.21873332560062408
2018-08-06,0.22507235407829285
2018-08-07,0.2251771092414856
2018-08-08,0.22643625736236572
2018-08-09,0.22599078714847565
2018-08-10,0.23009297251701355
2018-08-13,0.2468441277742386
2018-08-14,0.25127294659614563
2018-08-15,0.25317835807800293
2018-08-16,0.24684077501296997
2018-08-17,0.26117977499961853
2018-08-20,0.2544223964214325
2018-08-21,0.2516113519668579
2018-08-22,0.2438436597585678
2018-08-23,0.23754121363162994
2018-08-24,0.23333005607128143
2018-08-27,0.23938599228858948
2018-08-28,0.24758769571781158
2018-08-29,0.24545376002788544
2018-08-30,0.2468617856502533
2018-08-31,0.25272268056869507
2018-09-04,0.2496078908443451
2018-09-05,0.24135996401309967
2018-09-06,0.22185026109218597
2018-09-07,0.21604883670806885
2018-09-10,0.21599742770195007
2018-09-11,0.21326018869876862
2018-09-12,0.2139933556318283
2018-09-13,0.21143651008605957
2018-09-14,0.21683615446090698
2018-09-17,0.21566487848758698
2018-09-18,0.2212311327457428
2018-09-19,0.22399461269378662
2018-09-20,0.21466580033302307
2018-09-21,0.228820338845253
2018-09-24,0.22736993432044983
2018-09-25,0.22398222982883453
2018-09-26,0.22566621005535126
2018-09-27,0.22700747847557068
2018-09-28,0.22795230150222778
2018-10-01,0.2215484380722046
2018-10-02,0.22634612023830414
2018-10-03,0.22269299626350403
2018-10-04,0.21916700899600983
2018-10-05,0.22371862828731537
2018-10-08,0.22859039902687073
2018-10-09,0.22211351990699768
2018-10-10,0.21633349359035492
2018-10-11,0.3920614719390869
2018-10-12,0.41410383582115173
2018-10-15,0.4037696421146393
2018-10-16,0.3837444484233856
2018-10-17,0.40373915433883667
2018-10-18,0.3749102056026459
2018-10-19,0.36903461813926697
2018-10-22,0.34079816937446594
2018-10-23,0.3224278390407562
2018-10-24,0.3016326427459717
2018-10-25,0.3575456440448761
2018-10-26,0.34353744983673096
2018-10-29,0.35233166813850403
2018-10-30,0.3276342451572418
2018-10-31,0.3359132409095764
2018-11-01,0.31503087282180786
2018-11-02,0.30513954162597656
2018-11-05,0.29558876156806946
2018-11-06,0.29439207911491394
2018-11-07,0.29186245799064636
2018-11-08,0.3385135233402252
2018-11-09,0.3224213719367981
2018-11-12,0.3121511936187744
2018-11-13,0.3500930070877075
2018-11-14,0.3321581184864044
2018-11-15,0.3223716616630554
2018-11-16,0.31615403294563293
2018-11-19,0.2999887466430664
2018-11-20,0.3050163984298706
2018-11-21,0.33508333563804626
2018-11-23,0.32605621218681335
2018-11-26,0.32018348574638367
2018-11-27,0.3296104669570923
2018-11-28,0.32122138142585754
2018-11-29,0.3625638782978058
2018-11-30,0.34769585728645325
2018-12-03,0.34367430210113525
2018-12-04,0.33397573232650757
2018-12-06,0.40625765919685364
2018-12-07,0.38317999243736267
2018-12-10,0.4025837182998657
2018-12-11,0.38044700026512146
2018-12-12,0.3642978072166443
2018-12-13,0.3506353795528412
2018-12-14,0.3377685546875
2018-12-17,0.3623506426811218
2018-12-18,0.3869900703430176
2018-12-19,0.36262524127960205
2018-12-20,0.3634049892425537
2018-12-21,0.36880990862846375
2018-12-24,0.3729188144207001
2018-12-26,0.4372992217540741
2018-12-27,0.5227037668228149
2018-12-28,0.4988614022731781
2018-12-31,0.47371912002563477
2019-01-02,0.45549139380455017
2019-01-03,0.42182376980781555
2019-01-04,0.4300716519355774
2019-01-07,0.4759012460708618
2019-01-08,0.45319440960884094
2019-01-09,0.43390944600105286
2019-01-10,0.4100222885608673
2019-01-11,0.396588534116745
2019-01-14,0.3838900625705719
2019-01-15,0.37055981159210205
2019-01-16,0.36528289318084717
2019-01-17,0.349056601524353
2019-01-18,0.3486013114452362
2019-01-22,0.36094483733177185
2019-01-23,0.36645835638046265
2019-01-24,0.35137197375297546
2019-01-25,0.332807332277298
2019-01-28,0.3420463502407074
2019-01-29,0.341412216424942
2019-01-30,0.3344104588031769
2019-01-31,0.3448348343372345
2019-02-01,0.34256288409233093
2019-02-04,0.3347207307815552
2019-02-05,0.33438342809677124
2019-02-06,0.3318355083465576
2019-02-07,0.32684627175331116
2019-02-08,0.3348734378814697
2019-02-11,0.33411023020744324
2019-02-12,0.3346386253833771
2019-02-13,0.35868483781814575
2019-02-14,0.3551585078239441
2019-02-15,0.3451805114746094
2019-02-19,0.36229467391967773
2019-02-20,0.3588503897190094
2019-02-21,0.3552245497703552
2019-02-22,0.35201573371887207
2019-02-25,0.3550931215286255
2019-02-26,0.3473431468009949
2019-02-27,0.3226287364959717
2019-02-28,0.31395503878593445
2019-03-01,0.3115924000740051
2019-03-04,0.31596630811691284
2019-03-05,0.31760165095329285
2019-03-06,0.31773027777671814
2019-03-07,0.32265448570251465
2019-03-08,0.33007270097732544
2019-03-11,0.3248519003391266
2019-03-12,0.3466653823852539
2019-03-13,0.34204137325286865
2019-03-14,0.3425069749355316
2019-03-15,0.33476725220680237
2019-03-18,0.3282710313796997
2019-03-19,0.31657132506370544
2019-03-20,0.30994075536727905
2019-03-21,0.3051305413246155
2019-03-22,0.3187485337257385
2019-03-25,0.3519049882888794
2019-03-26,0.34489360451698303
2019-03-27,0.34782081842422485
2019-03-28,0.3325372040271759
2019-03-29,0.322862833738327
2019-04-01,0.32910820841789246
2019-04-02,0.3328419327735901
2019-04-03,0.32523587346076965
2019-04-04,0.3145458996295929
2019-04-05,0.30638885498046875
2019-04-08,0.3084006607532501
2019-04-09,0.30631786584854126
2019-04-10,0.3117996156215668
2019-04-11,0.30969592928886414
2019-04-12,0.30281975865364075
2019-04-15,0.28995078802108765
2019-04-16,0.29027512669563293
2019-04-17,0.27452996373176575
2019-04-18,0.2621224820613861
2019-04-22,0.26326897740364075
2019-04-23,0.268015593290329
2019-04-24,0.28139370679855347
2019-04-25,0.28243815898895264
2019-04-26,0.27529558539390564
2019-04-29,0.2433748096227646
2019-04-30,0.24594061076641083
2019-05-01,0.2465895265340805
2019-05-02,0.25997045636177063
2019-05-03,0.2581539452075958
2019-05-06,0.2668258249759674
2019-05-07,0.26730576157569885
2019-05-08,0.3153838813304901
2019-05-09,0.3092753291130066
2019-05-10,0.30347341299057007
2019-05-13,0.2986200451850891
2019-05-14,0.35646551847457886
2019-05-15,0.3494899272918701
2019-05-16,0.3373790383338928
2019-05-17,0.3321138322353363
2019-05-20,0.32510942220687866
2019-05-21,0.31513503193855286
2019-05-22,0.3146679699420929
2019-05-23,0.3012264370918274
2019-05-24,0.30603155493736267
2019-05-28,0.2985301613807678
2019-05-29,0.3178747296333313
2019-05-30,0.3120872676372528
2019-05-31,0.30606046319007874
2019-06-03,0.326389342546463
2019-06-04,0.30125054717063904
2019-06-05,0.3428366780281067
2019-06-06,0.3359311819076538
2019-06-07,0.33000871539115906
2019-06-10,0.33251193165779114
2019-06-11,0.31716254353523254
2019-06-12,0.30786946415901184
2019-06-13,0.29960763454437256
2019-06-14,0.29478758573532104
2019-06-17,0.2905064523220062
2019-06-18,0.2869725823402405
2019-06-19,0.2944898307323456
2019-06-20,0.2932548522949219
2019-06-21,0.30156758427619934
2019-06-24,0.2955457270145416
2019-06-25,0.2914219796657562
2019-06-26,0.29858583211898804
2019-06-27,0.289364755153656
2019-06-28,0.29138392210006714
2019-07-01,0.29146435856819153
2019-07-02,0.2974255681037903
2019-07-03,0.2921312153339386
2019-07-05,0.30081892013549805
2019-07-08,0.29922959208488464
2019-07-09,0.3000325560569763
2019-07-10,0.2975721061229706
2019-07-11,0.29504871368408203
2019-07-12,0.28354158997535706
2019-07-15,0.27634090185165405
2019-07-16,0.2783453166484833
2019-07-17,0.28109896183013916
2019-07-18,0.2788925766944885
2019-07-19,0.2777819335460663
2019-07-22,0.28421664237976074
2019-07-23,0.28328797221183777
2019-07-24,0.2858768701553345
2019-07-25,0.27475520968437195
2019-07-26,0.27970901131629944
2019-07-29,0.28086143732070923
2019-07-30,0.2780833840370178
2019-07-31,0.27671682834625244
2019-08-01,0.2971615195274353
2019-08-02,0.2883549928665161
2019-08-05,0.2869100272655487
2019-08-06,0.39095282554626465
2019-08-07,0.3863019347190857
2019-08-08,0.36617305874824524
2019-08-09,0.38429027795791626
2019-08-12,0.3662719130516052
2019-08-13,0.3666759431362152
2019-08-14,0.3694002032279968
2019-08-15,0.4316645860671997
2019-08-16,0.4039490520954132
2019-08-19,0.4007667899131775
2019-08-20,0.3922412097454071
2019-08-21,0.38007786870002747
2019-08-22,0.3696023225784302
2019-08-23,0.353011816740036
2019-08-26,0.4071428179740906
2019-08-27,0.42472583055496216
2019-08-28,0.4013505280017853
2019-08-29,0.39082080125808716
2019-08-30,0.39321383833885193
2019-09-03,0.38054537773132324
2019-09-04,0.3667699098587036
2019-09-05,0.36677610874176025
2019-09-06,0.36287957429885864
2019-09-09,0.3546713888645172
2019-09-10,0.32404646277427673
2019-09-11,0.30795052647590637
2019-09-12,0.31234997510910034
2019-09-13,0.3148094415664673
2019-09-16,0.3110089898109436
2019-09-17,0.30912622809410095
2019-09-18,0.3115517199039459
2019-09-19,0.31438717246055603
2019-09-20,0.3150871992111206
2019-09-23,0.3151453137397766
2019-09-24,0.3165903091430664
2019-09-25,0.32367607951164246
2019-09-26,0.3251328468322754
2019-09-27,0.3205990791320801
2019-09-30,0.3194757103919983
2019-10-01,0.3223426640033722
2019-10-02,0.3403934836387634
2019-10-03,0.38196614384651184
2019-10-04,0.3774363696575165
2019-10-07,0.39441511034965515
2019-10-08,0.38232091069221497
2019-10-09,0.4031256139278412
2019-10-10,0.3988725244998932
2019-10-11,0.38697320222854614
2019-10-14,0.3786427080631256
2019-10-15,0.36826032400131226
2019-10-16,0.3654952347278595
2019-10-17,0.3546462059020996
2019-10-18,0.3448529839515686
2019-10-21,0.33148157596588135
2019-10-22,0.3254368007183075
2019-10-23,0.3077695369720459
2019-10-24,0.30123674869537354
2019-10-25,0.286323606967926
2019-10-28,0.2838481068611145
2019-10-29,0.28685262799263
2019-10-30,0.2812274992465973
2019-10-31,0.2859369218349457
2019-11-01,0.29372888803482056
2019-11-04,0.29111963510513306
2019-11-05,0.28008511662483215
2019-11-06,0.27629876136779785
2019-11-07,0.28200671076774597
2019-11-08,0.2829116880893707
2019-11-11,0.28623950481414795
2019-11-12,0.29509875178337097
2019-11-13,0.2984072268009186
2019-11-14,0.2947636544704437
2019-11-15,0.2972657382488251
2019-11-18,0.3077293634414673
2019-11-19,0.3064594566822052
2019-11-20,0.29936522245407104
2019-11-21,0.300770103931427
2019-11-22,0.2985318899154663
2019-11-25,0.2765178084373474
2019-11-26,0.2859252095222473
2019-11-27,0.2836652100086212
2019-11-29,0.28496912121772766
2019-12-02,0.2941623330116272
2019-12-03,0.3161860406398773
2019-12-04,0.31953999400138855
2019-12-05,0.32207831740379333
2019-12-06,0.3155907988548279
2019-12-09,0.32845085859298706
2019-12-10,0.3244679570198059
2019-12-11,0.31966662406921387
2019-12-12,0.3116750717163086
2019-12-13,0.31517431139945984
2019-12-16,0.3004641830921173
2019-12-17,0.3067534863948822
2019-12-18,0.3019680082798004
2019-12-19,0.295712947845459
2019-12-20,0.2983868420124054
2019-12-23,0.30196067690849304
2019-12-24,0.2982967495918274
2019-12-26,0.28515318036079407
2019-12-27,0.28481489419937134
2019-12-30,0.286575585603714
2019-12-31,0.30419227480888367
2020-01-02,0.30154162645339966
2020-01-03,0.29537251591682434
2020-01-06,0.30316099524497986
2020-01-07,0.295439213514328
2020-01-08,0.2884804904460907
2020-01-09,0.28625479340553284
2020-01-10,0.2911347448825836
2020-01-13,0.29350483417510986
2020-01-14,0.28899312019348145
2020-01-15,0.2818537950515747
2020-01-16,0.2746220529079437
2020-01-17,0.2846406102180481
2020-01-21,0.2821734845638275
2020-01-22,0.2764630615711212
2020-01-23,0.2729577124118805
2020-01-24,0.2692268490791321
2020-01-27,0.2878446877002716
2020-01-28,0.29866480827331543
2020-01-29,0.3002781867980957
2020-01-30,0.27911177277565
2020-01-31,0.25820696353912354
2020-02-03,0.3158942461013794
2020-02-04,0.29793640971183777
2020-02-05,0.31947895884513855
2020-02-06,0.3069824278354645
2020-02-07,0.29160287976264954
2020-02-10,0.2830352485179901
2020-02-11,0.2789400815963745
2020-02-12,0.26618361473083496
2020-02-13,0.25829052925109863
2020-02-14,0.25274601578712463
2020-02-18,0.24780747294425964
2020-02-19,0.2467716783285141
2020-02-20,0.2461128681898117
2020-02-21,0.24711692333221436
2020-02-24,0.2469288408756256
2020-02-25,0.41779661178588867
2020-02-26,0.4575358033180237
2020-02-27,0.4054347276687622
2020-02-28,0.5239967107772827
2020-03-02,0.4655947685241699
2020-03-03,0.5259078741073608
2020-03-04,0.5033525824546814
2020-03-05,0.5374352931976318
2020-03-06,0.5266978144645691
2020-03-09,0.4799509346485138
2020-03-10,0.6121277809143066
2020-03-11,0.5858989357948303
2020-03-12,0.5802948474884033
2020-03-13,0.66188645362854
2020-03-16,0.6518224477767944
2020-03-17,0.6818518042564392
2020-03-18,0.6287412047386169
2020-03-19,0.5782477259635925
2020-03-20,0.49067333340644836
2020-03-23,0.4704383611679077
2020-03-24,0.4220521152019501
2020-03-25,0.5073667168617249
2020-03-26,0.4511357843875885
2020-03-27,0.52239590883255
2020-03-30,0.5026184320449829
2020-03-31,0.4902333915233612
2020-04-01,0.46048346161842346
2020-04-02,0.48039549589157104
2020-04-03,0.46706488728523254
2020-04-06,0.4465467631816864
2020-04-07,0.5494362711906433
2020-04-08,0.5128327012062073
2020-04-09,0.5075255632400513
2020-04-13,0.4646075367927551
2020-04-14,0.4253562092781067
2020-04-15,0.4406410753726959
2020-04-16,0.43580201268196106
2020-04-17,0.39840856194496155
2020-04-20,0.4191246032714844
2020-04-21,0.41493263840675354
2020-04-22,0.4550406336784363
2020-04-23,0.44536498188972473
2020-04-24,0.41833391785621643
2020-04-27,0.40760672092437744
2020-04-28,0.4303591549396515
2020-04-29,0.400273859500885
2020-04-30,0.38593751192092896
2020-05-01,0.3768506944179535
2020-05-04,0.427690327167511
2020-05-05,0.4070426821708679
2020-05-06,0.3969661593437195
2020-05-07,0.3939388394355774
2020-05-08,0.3721713721752167
2020-05-11,0.3875769376754761
2020-05-12,0.3658682703971863
2020-05-13,0.4056917726993561
2020-05-14,0.4119986593723297
2020-05-15,0.3999520242214203
2020-05-18,0.3671738803386688
2020-05-19,0.41637274622917175
2020-05-20,0.414635568857193
2020-05-21,0.4029293954372406
2020-05-22,0.39174073934555054
2020-05-26,0.3838541805744171
2020-05-27,0.3466184437274933
2020-05-28,0.357808381319046
2020-05-29,0.3371509611606598
2020-06-01,0.32960987091064453
2020-06-02,0.32171154022216797
2020-06-03,0.3240691125392914
2020-06-04,0.3260997235774994
2020-06-05,0.3090946078300476
2020-06-08,0.36758723855018616
2020-06-09,0.3610081672668457
2020-06-10,0.3516722321510315
2020-06-11,0.33033791184425354
2020-06-12,0.5982149839401245
2020-06-15,0.5773279070854187
2020-06-16,0.5581403970718384
2020-06-17,0.5455067157745361
2020-06-18,0.524601399898529
2020-06-19,0.5041958689689636
2020-06-22,0.4681919813156128
2020-06-23,0.4451248347759247
2020-06-24,0.4261501133441925
2020-06-25,0.497943639755249
2020-06-26,0.49011659622192383
2020-06-29,0.5142894387245178
2020-06-30,0.5019452571868896
2020-07-01,0.5001572370529175
2020-07-02,0.4646751582622528
2020-07-06,0.45272114872932434
2020-07-07,0.4555460810661316
2020-07-08,0.4389569163322449
2020-07-09,0.42632389068603516
2020-07-10,0.4025592803955078
2020-07-13,0.38781851530075073
2020-07-14,0.36362364888191223
2020-07-15,0.385576069355011
2020-07-16,0.37663230299949646
2020-07-17,0.36830806732177734
2020-07-20,0.3559369444847107
2020-07-21,0.3345303237438202
2020-07-22,0.320285826921463
2020-07-23,0.31856316328048706
2020-07-24,0.32254815101623535
2020-07-27,0.31669822335243225
2020-07-28,0.31409499049186707
2020-07-29,0.3122651278972626
2020-07-30,0.3122011125087738
2020-07-31,0.30673497915267944
2020-08-03,0.2948300540447235
2020-08-04,0.2929523289203644
2020-08-05,0.2929035425186157
2020-08-06,0.2874700427055359
2020-08-07,0.2861762046813965
2020-08-10,0.2804354727268219
2020-08-11,0.27061450481414795
2020-08-12,0.27008315920829773
2020-08-13,0.2998054623603821
2020-08-14,0.30286794900894165
2020-08-17,0.30732405185699463
2020-08-18,0.29717737436294556
2020-08-19,0.29573556780815125
2020-08-20,0.3018444776535034
2020-08-21,0.2941587567329407
2020-08-24,0.2928633987903595
2020-08-25,0.2991037964820862
2020-08-26,0.2750380039215088
2020-08-27,0.268418550491333
2020-08-28,0.26162073016166687
2020-08-31,0.27097511291503906
2020-09-01,0.26903286576271057
2020-09-02,0.25656232237815857
2020-09-03,0.3187737464904785
2020-09-04,0.4069797694683075
2020-09-08,0.39437681436538696
2020-09-09,0.4242994487285614
2020-09-10,0.4294039011001587
2020-09-11,0.44133704900741577
2020-09-14,0.4280117452144623
2020-09-15,0.426113098859787
2020-09-16,0.4012085497379303
2020-09-17,0.3738833963871002
2020-09-18,0.3685515224933624
2020-09-21,0.36855021119117737
2020-09-22,0.37670543789863586
2020-09-23,0.36097246408462524
2020-09-24,0.40841275453567505
2020-09-25,0.39653146266937256
2020-09-28,0.40111032128334045
2020-09-29,0.41814112663269043
2020-09-30,0.4094196856021881
2020-10-01,0.4029601812362671
2020-10-02,0.38281527161598206
2020-10-05,0.3563319146633148
2020-10-06,0.3934438228607178
2020-10-07,0.40121394395828247
2020-10-08,0.4311094880104065
2020-10-09,0.4208754003047943
2020-10-12,0.4117122292518616
2020-10-13,0.4111657738685608
2020-10-14,0.39226216077804565
2020-10-15,0.3849415183067322
2020-10-16,0.36789920926094055
2020-10-19,0.35322773456573486
2020-10-20,0.395681232213974
2020-10-21,0.37895074486732483
2020-10-22,0.36406877636909485
2020-10-23,0.3404492139816284
2020-10-26,0.3413395583629608
2020-10-27,0.3902715742588043
2020-10-28,0.3778834342956543
2020-10-29,0.4622794985771179
2020-10-30,0.44540590047836304
2020-11-02,0.4269743859767914
2020-11-03,0.43061113357543945
2020-11-04,0.44274255633354187
2020-11-05,0.41063129901885986
2020-11-06,0.40720489621162415
2020-11-09,0.39756307005882263
2020-11-10,0.3153213858604431
2020-11-11,0.30188924074172974
2020-11-12,0.30289822816848755
2020-11-13,0.31080925464630127
2020-11-16,0.32327714562416077
2020-11-17,0.3263281285762787
2020-11-18,0.32447874546051025
2020-11-19,0.3373788297176361
2020-11-20,0.33403024077415466
2020-11-23,0.3376680314540863
2020-11-24,0.3437923192977905
2020-11-25,0.3465467095375061
2020-11-27,0.34587591886520386
2020-11-30,0.3462681174278259
2020-12-01,0.33660852909088135
2020-12-02,0.34184253215789795
2020-12-03,0.3275921940803528
2020-12-04,0.3269725441932678
2020-12-07,0.33773285150527954
2020-12-08,0.3365606963634491
2020-12-09,0.3356083929538727
2020-12-10,0.32691365480422974
2020-12-11,0.32815924286842346
2020-12-14,0.3257465362548828
2020-12-15,0.32557064294815063
2020-12-16,0.33981990814208984
2020-12-17,0.3374531865119934
2020-12-18,0.34000834822654724
2020-12-21,0.3337652385234833
2020-12-22,0.32730281352996826
2020-12-23,0.3319353461265564
2020-12-24,0.32517385482788086
2020-12-28,0.3299141824245453
2020-12-29,0.33268991112709045
2020-12-30,0.33260077238082886
2020-12-31,0.32976552844047546
2021-01-04,0.3467237651348114
2021-01-05,0.35897693037986755
2021-01-06,0.3561893403530121
2021-01-07,0.32505273818969727
2021-01-08,0.33321115374565125
2021-01-11,0.33361953496932983
2021-01-12,0.32628968358039856
2021-01-13,0.31546398997306824
2021-01-14,0.3129696846008301
2021-01-15,0.3024525046348572
2021-01-19,0.30406445264816284
2021-01-20,0.30421188473701477
2021-01-21,0.3082576394081116
2021-01-22,0.30723294615745544
2021-01-25,0.3094189763069153
2021-01-26,0.30515965819358826
2021-01-27,0.29269033670425415
2021-01-28,0.3968183398246765
2021-01-29,0.393981009721756
2021-02-01,0.402403324842453
2021-02-02,0.3996458649635315
2021-02-03,0.39997008442878723
2021-02-04,0.38518816232681274
2021-02-05,0.3759492337703705
2021-02-08,0.3686789870262146
2021-02-09,0.3635890483856201
2021-02-10,0.3589595556259155
2021-02-11,0.35491204261779785
2021-02-12,0.3428085148334503
2021-02-16,0.3396954834461212
2021-02-17,0.32879170775413513
2021-02-18,0.31971049308776855
2021-02-19,0.31337130069732666
2021-02-22,0.29667502641677856
2021-02-23,0.27942100167274475
2021-02-24,0.2787233889102936
2021-02-25,0.284894198179245
2021-02-26,0.3188694715499878
2021-03-01,0.32726848125457764
2021-03-02,0.36349377036094666
2021-03-03,0.3630411922931671
2021-03-04,0.3572978377342224
2021-03-05,0.359477698802948
2021-03-08,0.38785383105278015
2021-03-09,0.3616327941417694
2021-03-10,0.34965023398399353
2021-03-11,0.3451206684112549
2021-03-12,0.3386680781841278
2021-03-15,0.3356447219848633
2021-03-16,0.32768920063972473
2021-03-17,0.32374605536460876
2021-03-18,0.3185248076915741
2021-03-19,0.3145902752876282
2021-03-22,0.3044987916946411
2021-03-23,0.30348601937294006
2021-03-24,0.30438244342803955
2021-03-25,0.29826974868774414
2021-03-26,0.3022969663143158
2021-03-29,0.3314113914966583
2021-03-30,0.32584941387176514
2021-03-31,0.32525405287742615
2021-04-01,0.32103270292282104
2021-04-05,0.32010772824287415
2021-04-06,0.3253825902938843
2021-04-07,0.324343740940094
2021-04-08,0.3235463500022888
2021-04-09,0.3204839825630188
2021-04-12,0.32090261578559875
2021-04-13,0.31906142830848694
2021-04-14,0.3145999014377594
2021-04-15,0.311412513256073
2021-04-16,0.3148445785045624
2021-04-19,0.3135876953601837
2021-04-20,0.31556084752082825
2021-04-21,0.3086375594139099
2021-04-22,0.3102875351905823
2021-04-23,0.31686902046203613
2021-04-26,0.3176276981830597
2021-04-27,0.31414076685905457
2021-04-28,0.28258952498435974
2021-04-29,0.2772141993045807
2021-04-30,0.2760286331176758
2021-05-03,0.2778432369232178
2021-05-04,0.27749213576316833
2021-05-05,0.27655476331710815
2021-05-06,0.2747809588909149
2021-05-07,0.27710890769958496
2021-05-10,0.279722660779953
2021-05-11,0.2762448787689209
2021-05-12,0.2829722762107849
2021-05-13,0.3001727759838104
2021-05-14,0.30374693870544434
2021-05-17,0.30464592576026917
2021-05-18,0.30120885372161865
2021-05-19,0.3022555112838745
2021-05-20,0.29808613657951355
2021-05-21,0.29921841621398926
2021-05-24,0.2963143587112427
2021-05-25,0.29476356506347656
2021-05-26,0.2935340106487274
2021-05-27,0.28072163462638855
2021-05-28,0.2750115394592285
2021-06-01,0.2753841280937195
2021-06-02,0.2718410789966583
2021-06-03,0.2717958390712738
2021-06-04,0.27141934633255005
2021-06-07,0.2754752039909363
2021-06-08,0.27565452456474304
2021-06-09,0.2758629322052002
2021-06-10,0.27374017238616943
2021-06-11,0.2715790867805481
2021-06-14,0.27210602164268494
2021-06-15,0.27217113971710205
2021-06-16,0.27398255467414856
2021-06-17,0.28192010521888733
2021-06-18,0.27128979563713074
2021-06-21,0.2938801348209381
2021-06-22,0.3016466796398163
2021-06-23,0.29471132159233093
2021-06-24,0.2904171943664551
2021-06-25,0.2887290418148041
2021-06-28,0.2524579167366028
2021-06-29,0.2450992912054062
2021-06-30,0.24547341465950012
2021-07-01,0.24605917930603027
2021-07-02,0.24808509647846222
2021-07-06,0.24867932498455048
2021-07-07,0.24885053932666779
2021-07-08,0.24666576087474823
2021-07-09,0.25613394379615784
2021-07-12,0.2603660523891449
2021-07-13,0.254425048828125
2021-07-14,0.25194627046585083
2021-07-15,0.2467299997806549
2021-07-16,0.24552768468856812
2021-07-19,0.2506515383720398
2021-07-20,0.2751893401145935
2021-07-21,0.26955124735832214
2021-07-22,0.2594344913959503
2021-07-23,0.2502184808254242
2021-07-26,0.25235140323638916
2021-07-27,0.2493135929107666
2021-07-28,0.24083106219768524
2021-07-29,0.23960661888122559
2021-07-30,0.24221953749656677
2021-08-02,0.24124279618263245
2021-08-03,0.24232801795005798
2021-08-04,0.24711501598358154
2021-08-05,0.24750927090644836
2021-08-06,0.24247393012046814
2021-08-09,0.24144314229488373
2021-08-10,0.24350960552692413
2021-08-11,0.2393917441368103
2021-08-12,0.24037784337997437
2021-08-13,0.24074336886405945
2021-08-16,0.2412256896495819
2021-08-17,0.24076899886131287
2021-08-18,0.24001513421535492
2021-08-19,0.25908753275871277
2021-08-20,0.24602924287319183
2021-08-23,0.24618253111839294
2021-08-24,0.2451225072145462
2021-08-25,0.24212515354156494
2021-08-26,0.24571116268634796
2021-08-27,0.24994836747646332
2021-08-30,0.2518594264984131
2021-08-31,0.24629241228103638
2021-09-01,0.24620230495929718
2021-09-02,0.2445203959941864
2021-09-03,0.2450808584690094
2021-09-07,0.24635528028011322
2021-09-08,0.2508663237094879
2021-09-09,0.24622972309589386
2021-09-10,0.25014859437942505
2021-09-13,0.2513810396194458
2021-09-14,0.24525834619998932
2021-09-15,0.24970446527004242
2021-09-16,0.25253695249557495
2021-09-17,0.2509811520576477
2021-09-20,0.2533321976661682
2021-09-21,0.2758947014808655
2021-09-22,0.2612232565879822
2021-09-23,0.2559310495853424
2021-09-24,0.261958509683609
2021-09-27,0.23640279471874237
2021-09-28,0.23156169056892395
2021-09-29,0.26057541370391846
2021-09-30,0.2431727647781372
2021-10-01,0.25531861186027527
2021-10-04,0.24313122034072876
2021-10-05,0.24500523507595062
2021-10-06,0.24001652002334595
2021-10-07,0.23528216779232025
2021-10-08,0.23768411576747894
2021-10-11,0.23444370925426483
2021-10-12,0.23947221040725708
2021-10-13,0.23586149513721466
2021-10-14,0.23280993103981018
2021-10-15,0.25108274817466736
2021-10-18,0.2421291470527649
2021-10-19,0.2348998785018921
2021-10-20,0.23814956843852997
2021-10-21,0.23407453298568726
2021-10-22,0.23082640767097473
2021-10-25,0.22788263857364655
2021-10-26,0.2260866016149521
2021-10-27,0.22421544790267944
2021-10-28,0.2268153727054596
2021-10-29,0.22959354519844055
2021-11-01,0.22667959332466125
2021-11-02,0.22458437085151672
2021-11-03,0.22543273866176605
2021-11-04,0.2270391434431076
2021-11-05,0.22269530594348907
2021-11-08,0.22068050503730774
2021-11-09,0.2225082814693451
2021-11-10,0.22528016567230225
2021-11-11,0.22686085104942322
2021-11-12,0.22650733590126038
2021-11-15,0.22875694930553436
2021-11-16,0.22765985131263733
2021-11-17,0.22463048994541168
2021-11-18,0.22541259229183197
2021-11-19,0.2243368774652481
2021-11-22,0.22328686714172363
2021-11-23,0.22197753190994263
2021-11-24,0.19902588427066803
2021-11-26,0.1999746561050415
2021-11-29,0.2541441321372986
2021-11-30,0.22951500117778778
2021-12-01,0.2670486867427826
2021-12-02,0.2346402257680893
2021-12-03,0.23213684558868408
2021-12-06,0.2134958654642105
2021-12-07,0.21974603831768036
2021-12-08,0.227800190448761
2021-12-09,0.21369627118110657
2021-12-10,0.2086869478225708
2021-12-13,0.20684634149074554
2021-12-14,0.20166942477226257
2021-12-15,0.2019490748643875
2021-12-16,0.21458548307418823
2021-12-17,0.19922801852226257
2021-12-20,0.21286694705486298
2021-12-21,0.21733953058719635
2021-12-22,0.2210126668214798
2021-12-23,0.21821579337120056
2021-12-27,0.2311752289533615
2021-12-28,0.23862013220787048
2021-12-29,0.23038524389266968
2021-12-30,0.22663886845111847
2021-12-31,0.22686977684497833
2022-01-03,0.2249927967786789
2022-01-04,0.21240878105163574
2022-01-05,0.20769834518432617
2022-01-06,0.2195928990840912
2022-01-07,0.21630536019802094
2022-01-10,0.21194109320640564
2022-01-11,0.2133682519197464
2022-01-12,0.21928486227989197
2022-01-13,0.22019687294960022
2022-01-14,0.2232772558927536
2022-01-18,0.2153206616640091
2022-01-19,0.24030287563800812
2022-01-20,0.23308061063289642
2022-01-21,0.23391054570674896
2022-01-24,0.23942141234874725
2022-01-25,0.22719717025756836
2022-01-26,0.2221764326095581
2022-01-27,0.21912603080272675
2022-01-28,0.21500802040100098
2022-01-31,0.24131160974502563
2022-02-01,0.2395101636648178
2022-02-02,0.23155668377876282
2022-02-03,0.2289583832025528
2022-02-04,0.23139046132564545
2022-02-07,0.22338899970054626
2022-02-08,0.22141456604003906
2022-02-09,0.22142700850963593
2022-02-10,0.23025943338871002
2022-02-11,0.252279669046402
2022-02-14,0.2520999312400818
2022-02-15,0.243474543094635
2022-02-16,0.24485820531845093
2022-02-17,0.23578687012195587
2022-02-18,0.24440909922122955
2022-02-22,0.23812969028949738
2022-02-23,0.2368108630180359
2022-02-24,0.24404804408550262
2022-02-25,0.2192613184452057
2022-02-28,0.25782614946365356
2022-03-01,0.24280165135860443
2022-03-02,0.24210643768310547
2022-03-03,0.25387734174728394
2022-03-04,0.23891021311283112
2022-03-07,0.22336913645267487
2022-03-08,0.2556476891040802
2022-03-09,0.24505099654197693
2022-03-10,0.2521524429321289
2022-03-11,0.23802773654460907
2022-03-14,0.23578426241874695
2022-03-15,0.22491568326950073
2022-03-16,0.2448016256093979
2022-03-17,0.24577449262142181
2022-03-18,0.24608886241912842
2022-03-21,0.23560462892055511
2022-03-22,0.22617459297180176
2022-03-23,0.22565069794654846
2022-03-24,0.23925140500068665
2022-03-25,0.23915399610996246
2022-03-28,0.25607070326805115
2022-03-29,0.2495797872543335
2022-03-30,0.24871355295181274
2022-03-31,0.24201734364032745
2022-04-01,0.25598716735839844
2022-04-04,0.24712437391281128
2022-04-05,0.23951877653598785
2022-04-06,0.23853856325149536
2022-04-07,0.22639787197113037
2022-04-08,0.22605015337467194
2022-04-11,0.22181063890457153
2022-04-12,0.23323631286621094
2022-04-13,0.23131906986236572
2022-04-14,0.23266996443271637
2022-04-18,0.23149888217449188
2022-04-19,0.22717039287090302
2022-04-20,0.23871181905269623
2022-04-21,0.23158809542655945
2022-04-22,0.23487718403339386
2022-04-25,0.29239949584007263
2022-04-26,0.2804768681526184
2022-04-27,0.3192701041698456
2022-04-28,0.3003387451171875
2022-04-29,0.31039291620254517
2022-05-02,0.3510144352912903
2022-05-03,0.33047235012054443
2022-05-04,0.3172488510608673
2022-05-05,0.3509516417980194
2022-05-06,0.36689168214797974
2022-05-09,0.3458119034767151
2022-05-10,0.36082321405410767
2022-05-11,0.33938068151474
2022-05-12,0.325300931930542
2022-05-13,0.3098226487636566
2022-05-16,0.3155352473258972
2022-05-17,0.301472932100296
2022-05-18,0.3043871223926544
2022-05-19,0.34787943959236145
2022-05-20,0.33122482895851135
2022-05-23,0.313854455947876
2022-05-24,0.31551048159599304
2022-05-25,0.2983446717262268
2022-05-26,0.31246429681777954
2022-05-27,0.3147925138473511
2022-05-31,0.3297716975212097
2022-06-01,0.32126668095588684
2022-06-02,0.31357136368751526
2022-06-03,0.31308069825172424
2022-06-06,0.3122301995754242
2022-06-07,0.30358925461769104
2022-06-08,0.30335313081741333
2022-06-09,0.3062710464000702
2022-06-10,0.3376644551753998
2022-06-13,0.3566913604736328
2022-06-14,0.4006465673446655
2022-06-15,0.38054612278938293
2022-06-16,0.36774876713752747
2022-06-17,0.3794938623905182
2022-06-21,0.3587944507598877
2022-06-22,0.3708599805831909
2022-06-23,0.34989771246910095
2022-06-24,0.331064373254776
2022-06-27,0.3603785037994385
2022-06-28,0.4010356366634369
2022-06-29,0.40030184388160706
2022-06-30,0.38903844356536865
2022-07-01,0.3798563480377197
2022-07-05,0.3709811568260193
2022-07-06,0.35767561197280884
2022-07-07,0.35054126381874084
2022-07-08,0.3506004512310028
2022-07-11,0.34569552540779114
2022-07-12,0.3430619239807129
2022-07-13,0.3382640480995178
2022-07-14,0.33350369334220886
2022-07-15,0.3239709138870239
2022-07-18,0.342638224363327
2022-07-19,0.3408786952495575
2022-07-20,0.37178128957748413
2022-07-21,0.35849326848983765
2022-07-22,0.34912291169166565
2022-07-25,0.34084710478782654
2022-07-26,0.3352498412132263
2022-07-27,0.326179563999176
2022-07-28,0.3271510601043701
2022-07-29,0.32385846972465515
2022-08-01,0.3158281147480011
2022-08-02,0.31078943610191345
2022-08-03,0.31037193536758423
2022-08-04,0.31382280588150024
2022-08-05,0.30785053968429565
2022-08-08,0.30404335260391235
2022-08-09,0.30130791664123535
2022-08-10,0.29606059193611145
2022-08-11,0.31281334161758423
2022-08-12,0.30710655450820923
2022-08-15,0.32173970341682434
2022-08-16,0.31892886757850647
2022-08-17,0.3151152729988098
2022-08-18,0.31229838728904724
2022-08-19,0.30825307965278625
2022-08-22,0.3101760149002075
2022-08-23,0.3339577317237854
2022-08-24,0.32902759313583374
2022-08-25,0.32600072026252747
2022-08-26,0.33947908878326416
2022-08-29,0.3920948803424835
2022-08-30,0.3862788677215576
2022-08-31,0.3851064443588257
2022-09-01,0.3811262845993042
2022-09-02,0.37273910641670227
2022-09-06,0.3746401071548462
2022-09-07,0.3681420087814331
2022-09-08,0.37681472301483154
2022-09-09,0.3725641369819641
2022-09-12,0.37546342611312866
2022-09-13,0.3700082004070282
2022-09-14,0.44933560490608215
2022-09-15,0.4370235204696655
2022-09-16,0.4244837462902069
2022-09-19,0.4131183922290802
2022-09-20,0.4049087464809418
2022-09-21,0.4038626551628113
2022-09-22,0.4084955155849457
2022-09-23,0.39685460925102234
2022-09-26,0.40008851885795593
2022-09-27,0.42097342014312744
2022-09-28,0.40954017639160156
2022-09-29,0.41923069953918457
2022-09-30,0.4222818911075592
2022-10-03,0.4241541028022766
2022-10-04,0.44972941279411316
2022-10-05,0.4711379408836365
2022-10-06,0.4605160057544708
2022-10-07,0.4547095000743866
2022-10-10,0.4629589915275574
2022-10-11,0.4517573118209839
2022-10-12,0.4352973699569702
2022-10-13,0.4241844713687897
2022-10-14,0.44755229353904724
2022-10-17,0.45040082931518555
2022-10-18,0.4571457803249359
2022-10-19,0.4514737129211426
2022-10-20,0.4350832998752594
2022-10-21,0.4200025498867035
2022-10-24,0.4320691227912903
2022-10-25,0.4286861717700958
2022-10-26,0.43805840611457825
2022-10-27,0.42139455676078796
2022-10-28,0.4072810113430023
2022-10-31,0.42326557636260986
2022-11-01,0.41913706064224243
2022-11-02,0.41018977761268616
2022-11-03,0.4187577962875366
2022-11-04,0.40476295351982117
2022-11-07,0.4029833674430847
2022-11-08,0.40143945813179016
2022-11-09,0.39819204807281494
2022-11-10,0.4038333594799042
2022-11-11,0.45378875732421875
2022-11-14,0.43160492181777954
2022-11-15,0.4252379238605499
2022-11-16,0.4167400598526001
2022-11-17,0.4085564613342285
2022-11-18,0.40081799030303955
2022-11-21,0.3982762396335602
2022-11-22,0.39047640562057495
2022-11-23,0.39455392956733704
2022-11-25,0.39556705951690674
2022-11-28,0.3935469388961792
2022-11-29,0.3976195752620697
2022-11-30,0.39370471239089966
2022-12-01,0.41603586077690125
2022-12-02,0.40775537490844727
2022-12-05,0.4032837152481079
2022-12-06,0.4083099067211151
2022-12-07,0.40742775797843933
2022-12-08,0.40283170342445374
2022-12-09,0.39999473094940186
2022-12-12,0.39881452918052673
2022-12-13,0.40390580892562866
2022-12-14,0.39694198966026306
2022-12-15,0.39423108100891113
2022-12-16,0.41276267170906067
2022-12-19,0.41032499074935913
2022-12-20,0.4067894220352173
2022-12-21,0.40183907747268677
2022-12-22,0.40860608220100403
2022-12-23,0.4080100953578949
2022-12-27,0.4118412137031555
2022-12-28,0.4072035849094391
2022-12-29,0.40941622853279114
2022-12-30,0.4145622253417969
2023-01-03,0.4117078483104706
2023-01-04,0.40430763363838196
2023-01-05,0.3993951678276062
2023-01-06,0.3968120515346527
2023-01-09,0.41356614232063293
2023-01-10,0.40204381942749023
2023-01-11,0.39989495277404785
2023-01-12,0.3949943780899048
2023-01-13,0.390643447637558
2023-01-17,0.3884660005569458
2023-01-18,0.38181567192077637
2023-01-19,0.3929349184036255
2023-01-20,0.3892790973186493
2023-01-23,0.3924514651298523
2023-01-24,0.3894486427307129
2023-01-25,0.3853541314601898
2023-01-26,0.3781736493110657
2023-01-27,0.39411652088165283
2023-01-30,0.38929396867752075
2023-01-31,0.38915565609931946
2023-02-01,0.391338974237442
2023-02-02,0.3872697353363037
2023-02-03,0.3774445652961731
2023-02-06,0.3756083846092224
2023-02-07,0.374424010515213
2023-02-08,0.3741473853588104
2023-02-09,0.3738466203212738
2023-02-10,0.3742879331111908
2023-02-13,0.3735573887825012
2023-02-14,0.37641048431396484
2023-02-15,0.3749799132347107
2023-02-16,0.37349721789360046
2023-02-17,0.37715673446655273
2023-02-21,0.3747822046279907
2023-02-22,0.3809964954853058
2023-02-23,0.38092848658561707
2023-02-24,0.3799918293952942
2023-02-27,0.37992122769355774
2023-02-28,0.3877229392528534
2023-03-01,0.3869718313217163
2023-03-02,0.38529327511787415
2023-03-03,0.3851267993450165
2023-03-06,0.38954272866249084
2023-03-07,0.3882959485054016
2023-03-08,0.39777758717536926
2023-03-09,0.395215779542923
2023-03-10,0.40096843242645264
2023-03-13,0.40012893080711365
2023-03-14,0.39239808917045593
2023-03-15,0.3981161117553711
2023-03-16,0.39210760593414307
2023-03-17,0.39436498284339905
2023-03-20,0.3969808518886566
2023-03-21,0.3999444842338562
2023-03-22,0.39865419268608093
2023-03-23,0.4070795774459839
2023-03-24,0.39929699897766113
2023-03-27,0.3967301845550537
2023-03-28,0.39433884620666504
2023-03-29,0.395984411239624
2023-03-30,0.39918988943099976
2023-03-31,0.3987850546836853
2023-04-03,0.4022536277770996
2023-04-04,0.39908015727996826
2023-04-05,0.3967849016189575
2023-04-06,0.3920440673828125
2023-04-10,0.39080318808555603
2023-04-11,0.38974204659461975
2023-04-12,0.3895168602466583
2023-04-13,0.3893786072731018
2023-04-14,0.39113128185272217
2023-04-17,0.3878495991230011
2023-04-18,0.3879511058330536
2023-04-19,0.3877181112766266
2023-04-20,0.38281920552253723
2023-04-21,0.37991511821746826
2023-04-24,0.3789629340171814
2023-04-25,0.38000309467315674
2023-04-26,0.382859468460083
2023-04-27,0.3850392699241638
2023-04-28,0.3861101567745209
2023-05-01,0.3877759873867035
2023-05-02,0.3860599100589752
2023-05-03,0.38937321305274963
2023-05-04,0.38882216811180115
2023-05-05,0.38673606514930725
2023-05-08,0.39249491691589355
2023-05-09,0.3909795582294464
2023-05-10,0.3906528651714325
2023-05-11,0.3889833390712738
2023-05-12,0.3871910870075226
2023-05-15,0.3866889476776123
2023-05-16,0.38538748025894165
2023-05-17,0.38877972960472107
2023-05-18,0.3890248239040375
2023-05-19,0.38687992095947266
2023-05-22,0.3860047161579132
2023-05-23,0.3821341395378113
2023-05-24,0.38264569640159607
2023-05-25,0.3839998245239258
2023-05-26,0.3745419383049011
2023-05-30,0.35569000244140625
2023-05-31,0.35466471314430237
2023-06-01,0.35200920701026917
2023-06-02,0.3532409965991974
2023-06-05,0.3610067367553711
2023-06-06,0.3600519895553589
2023-06-07,0.35630834102630615
2023-06-08,0.35065677762031555
2023-06-09,0.3520871698856354
2023-06-12,0.35337260365486145
2023-06-13,0.35336029529571533
2023-06-14,0.35463207960128784
2023-06-15,0.34822964668273926
2023-06-16,0.35766857862472534
2023-06-20,0.357509583234787
2023-06-21,0.36064809560775757
2023-06-22,0.35895639657974243
2023-06-23,0.35650575160980225
2023-06-26,0.3596603274345398
2023-06-27,0.3571629524230957
2023-06-28,0.35698238015174866
2023-06-29,0.3293668031692505
2023-06-30,0.3293081521987915
2023-07-03,0.33556950092315674
2023-07-05,0.3338499367237091
2023-07-06,0.33299216628074646
2023-07-07,0.34018293023109436
2023-07-10,0.3394322097301483
2023-07-11,0.33743011951446533
2023-07-12,0.3382665514945984
2023-07-13,0.3353308439254761
2023-07-14,0.3342030644416809
2023-07-17,0.329629510641098
2023-07-18,0.3255777955055237
2023-07-19,0.3224041163921356
2023-07-20,0.3215084969997406
2023-07-21,0.3144032955169678
2023-07-24,0.3120757043361664
2023-07-25,0.31219735741615295
2023-07-26,0.31131696701049805
2023-07-27,0.3063518702983856
2023-07-28,0.30425307154655457
2023-07-31,0.2800065577030182
2023-08-01,0.2793906331062317
2023-08-02,0.27966931462287903
2023-08-03,0.284404993057251
2023-08-04,0.2830294072628021
2023-08-07,0.2804037928581238
2023-08-08,0.286359965801239
2023-08-09,0.2866491675376892
2023-08-10,0.28740590810775757
2023-08-11,0.2882959842681885
2023-08-14,0.28841766715049744
2023-08-15,0.28827640414237976
2023-08-16,0.2964591383934021
2023-08-17,0.297127366065979
2023-08-18,0.2981540858745575
2023-08-21,0.29796427488327026
2023-08-22,0.2969305217266083
2023-08-23,0.2974008321762085
2023-08-24,0.30080491304397583
2023-08-25,0.3070179224014282
2023-08-28,0.30976077914237976
2023-08-29,0.3080882430076599
2023-08-30,0.3126375675201416
2023-08-31,0.3127867877483368
2023-09-01,0.31200212240219116
2023-09-05,0.3104346990585327
2023-09-06,0.3117881119251251
2023-09-07,0.31186696887016296
2023-09-08,0.3081234097480774
2023-09-11,0.30716100335121155
2023-09-12,0.30618035793304443
2023-09-13,0.30264830589294434
2023-09-14,0.3017410337924957
2023-09-15,0.3047218322753906
2023-09-18,0.30980828404426575
2023-09-19,0.30901792645454407
2023-09-20,0.3087053596973419
2023-09-21,0.3076261579990387
2023-09-22,0.32114553451538086
2023-09-25,0.3205451965332031
2023-09-26,0.3197363615036011
2023-09-27,0.3269863724708557
2023-09-28,0.30672889947891235
2023-09-29,0.30399736762046814
2023-10-02,0.30143222212791443
2023-10-03,0.2990744411945343
2023-10-04,0.3027079701423645
2023-10-05,0.3006485402584076
2023-10-06,0.2964748442173004
2023-10-09,0.2975406050682068
2023-10-10,0.2962494194507599
2023-10-11,0.296639084815979
2023-10-12,0.2912939488887787
2023-10-13,0.29168379306793213
2023-10-16,0.2876589596271515
2023-10-17,0.2925851047039032
2023-10-18,0.2912490665912628
2023-10-19,0.29253312945365906
2023-10-20,0.2913185656070709
2023-10-23,0.29425883293151855
2023-10-24,0.294189989566803
2023-10-25,0.2926948070526123
2023-10-26,0.29338499903678894
2023-10-27,0.2580774128437042
2023-10-30,0.26168733835220337
2023-10-31,0.2669549882411957
2023-11-01,0.26713067293167114
2023-11-02,0.2654518783092499
2023-11-03,0.2822266221046448
2023-11-06,0.2798358201980591
2023-11-07,0.2767246663570404
2023-11-08,0.273728609085083
2023-11-09,0.2716805338859558
2023-11-10,0.2711627185344696
2023-11-13,0.27592942118644714
2023-11-14,0.2727970480918884
2023-11-15,0.27647730708122253
2023-11-16,0.2719815671443939
2023-11-17,0.26715755462646484
2023-11-20,0.26569902896881104
2023-11-21,0.2662751376628876
2023-11-22,0.263657808303833
2023-11-24,0.26353633403778076
2023-11-27,0.26355883479118347
2023-11-28,0.252230703830719
2023-11-29,0.25156351923942566
2023-11-30,0.25008147954940796
2023-12-01,0.2507992684841156
2023-12-04,0.2504502236843109
2023-12-05,0.24980458617210388
2023-12-06,0.2494598627090454
2023-12-07,0.248664990067482
2023-12-08,0.24829868972301483
2023-12-11,0.24790611863136292
2023-12-12,0.24876141548156738
2023-12-13,0.24877683818340302
2023-12-14,0.25131529569625854
2023-12-15,0.24487970769405365
2023-12-18,0.24463433027267456
2023-12-19,0.2445705085992813
2023-12-20,0.24563536047935486
2023-12-21,0.2530257999897003
2023-12-22,0.25478920340538025
2023-12-26,0.254114031791687
2023-12-27,0.25429198145866394
2023-12-28,0.2300720512866974
2023-12-29,0.2293393462896347
2024-01-02,0.22894524037837982
2024-01-03,0.22510263323783875
2024-01-04,0.2265232354402542
2024-01-05,0.22681258618831635
2024-01-08,0.22703544795513153
2024-01-09,0.22858546674251556
2024-01-10,0.22825925052165985
2024-01-11,0.2274266630411148
2024-01-12,0.22720485925674438
2024-01-16,0.22689487040042877
2024-01-17,0.22730688750743866
2024-01-18,0.2280270904302597
2024-01-19,0.22808948159217834
2024-01-22,0.2295573353767395
2024-01-23,0.22834467887878418
2024-01-24,0.2270052582025528
2024-01-25,0.22644804418087006
2024-01-26,0.22598864138126373
2024-01-29,0.2254478931427002
2024-01-30,0.2109125405550003
2024-01-31,0.2090059220790863
2024-02-01,0.2110385149717331
2024-02-02,0.2133456915616989
2024-02-05,0.21107140183448792
2024-02-06,0.21127310395240784
2024-02-07,0.2101891189813614
2024-02-08,0.21032357215881348
2024-02-09,0.20913292467594147
2024-02-12,0.20929238200187683
2024-02-13,0.20940767228603363
2024-02-14,0.2163165807723999
2024-02-15,0.2155737727880478
2024-02-16,0.2144167274236679
2024-02-20,0.21310727298259735
2024-02-21,0.2110292911529541
2024-02-22,0.2113145887851715
2024-02-23,0.21540406346321106
2024-02-26,0.2134067714214325
2024-02-27,0.21254342794418335
2024-02-28,0.21178774535655975
2024-02-29,0.20686177909374237
2024-03-01,0.20606884360313416
2024-03-04,0.2058195173740387
2024-03-05,0.20450358092784882
2024-03-06,0.2054106742143631
2024-03-07,0.20569755136966705
2024-03-08,0.20544975996017456
2024-03-11,0.20492634177207947
2024-03-12,0.20402094721794128
2024-03-13,0.2045755386352539
2024-03-14,0.2039235681295395
2024-03-15,0.20468024909496307
2024-03-18,0.20524458587169647
2024-03-19,0.20501095056533813
2024-03-20,0.20539309084415436
2024-03-21,0.20579387247562408
2024-03-22,0.2047782987356186
2024-03-25,0.20533962547779083
2024-03-26,0.20557859539985657
2024-03-27,0.20531930029392242
2024-03-28,0.20899827778339386
2024-04-01,0.18894293904304504
2024-04-02,0.1887277364730835
2024-04-03,0.1893182247877121
2024-04-04,0.1877816766500473
2024-04-05,0.1906822770833969
2024-04-08,0.1901010125875473
2024-04-09,0.1888193041086197
2024-04-10,0.1878024786710739
2024-04-11,0.1908409744501114
2024-04-12,0.18875737488269806
2024-04-15,0.1931217908859253
2024-04-16,0.19131940603256226
2024-04-17,0.18910950422286987
2024-04-18,0.1876315474510193
2024-04-19,0.18708392977714539
2024-04-22,0.18559107184410095
2024-04-23,0.18701261281967163
2024-04-24,0.18813565373420715
2024-04-25,0.1867603063583374
2024-04-26,0.18600232899188995
2024-04-29,0.18593625724315643
2024-04-30,0.1833125501871109
2024-05-01,0.18787053227424622
2024-05-02,0.18529140949249268
2024-05-03,0.18470649421215057
2024-05-06,0.18486475944519043
2024-05-07,0.1855907440185547
2024-05-08,0.1852351725101471
2024-05-09,0.1845679134130478
2024-05-10,0.18538255989551544
2024-05-13,0.18491549789905548
2024-05-14,0.1844678521156311
2024-05-15,0.18432112038135529
2024-05-16,0.18593937158584595
2024-05-17,0.18430578708648682
2024-05-20,0.1844225376844406
2024-05-21,0.18408308923244476
2024-05-22,0.18374595046043396
2024-05-23,0.1829880177974701
2024-05-24,0.18991689383983612
2024-05-28,0.186557337641716
2024-05-29,0.18654583394527435
2024-05-30,0.18268969655036926
2024-05-31,0.17935581505298615
2024-06-03,0.18295899033546448
2024-06-04,0.18004761636257172
2024-06-05,0.17918549478054047
2024-06-06,0.17903727293014526
2024-06-07,0.17891305685043335
2024-06-10,0.1786915808916092
2024-06-11,0.17847637832164764
2024-06-12,0.17884351313114166
2024-06-13,0.1778804510831833
2024-06-14,0.17804835736751556
2024-06-17,0.17819581925868988
2024-06-18,0.1790819764137268
2024-06-20,0.17906533181667328
2024-06-21,0.17799659073352814
2024-06-24,0.17804516851902008
2024-06-25,0.1778590828180313
2024-06-26,0.17850853502750397
2024-06-27,0.17850090563297272
2024-06-28,0.17819653451442719
2024-07-01,0.1713208258152008
2024-07-02,0.17140455543994904
2024-07-03,0.17221146821975708
2024-07-05,0.17236971855163574
2024-07-08,0.17217396199703217
2024-07-09,0.17212557792663574
2024-07-10,0.17202697694301605
2024-07-11,0.1740732491016388
2024-07-12,0.17126020789146423
2024-07-15,0.17200997471809387
2024-07-16,0.17123332619667053
2024-07-17,0.17440353333950043
2024-07-18,0.17025145888328552
2024-07-19,0.1746506541967392
2024-07-22,0.1740207076072693
2024-07-23,0.17270073294639587
2024-07-24,0.17175078392028809
2024-07-25,0.17160916328430176
2024-07-26,0.16999471187591553
2024-07-29,0.17462684214115143
2024-07-30,0.17306208610534668
2024-07-31,0.16784340143203735
2024-08-01,0.16737894713878632
2024-08-02,0.16623619198799133
2024-08-05,0.1664840579032898
2024-08-06,0.17757852375507355
2024-08-07,0.177199587225914
2024-08-08,0.17659960687160492
2024-08-09,0.1810760796070099
2024-08-12,0.18014951050281525
2024-08-13,0.17956599593162537
2024-08-14,0.18022507429122925
2024-08-15,0.17950579524040222
2024-08-16,0.1798492968082428
2024-08-19,0.17915843427181244
2024-08-20,0.17913898825645447
2024-08-21,0.17829574644565582
2024-08-22,0.1775062084197998
2024-08-23,0.1769465208053589
2024-08-26,0.17691709101200104
2024-08-27,0.1762641966342926
2024-08-28,0.17566250264644623
2024-08-29,0.17824091017246246
2024-08-30,0.1778685301542282
2024-09-03,0.17978352308273315
2024-09-04,0.1805095374584198
2024-09-05,0.1790977418422699
2024-09-06,0.18033233284950256
2024-09-09,0.1825728714466095
2024-09-10,0.18520914018154144
2024-09-11,0.18234656751155853
2024-09-12,0.18007943034172058
2024-09-13,0.17918464541435242
2024-09-16,0.17866303026676178
2024-09-17,0.17875050008296967
2024-09-18,0.17785990238189697
2024-09-19,0.17825287580490112
2024-09-20,0.17850863933563232
2024-09-23,0.17748883366584778
2024-09-24,0.17683906853199005
2024-09-25,0.175924614071846
2024-09-26,0.17641913890838623
2024-09-27,0.17561161518096924
2024-09-30,0.16866064071655273
2024-10-01,0.16873660683631897
2024-10-02,0.16861492395401
2024-10-03,0.16846486926078796
2024-10-04,0.1695990115404129
2024-10-07,0.1696302890777588
2024-10-08,0.17182573676109314
2024-10-09,0.17147603631019592
2024-10-10,0.17236532270908356
2024-10-11,0.17241771519184113
2024-10-14,0.17282645404338837
2024-10-15,0.1727127730846405
2024-10-16,0.17131556570529938
2024-10-17,0.17098015546798706
2024-10-18,0.1701400876045227
2024-10-21,0.16930490732192993
2024-10-22,0.1710158884525299
2024-10-23,0.1701396107673645
2024-10-24,0.1699385643005371
2024-10-25,0.16864925622940063
2024-10-28,0.16928483545780182
2024-10-29,0.1650618314743042
2024-10-30,0.1650710552930832
2024-10-31,0.1642792969942093
2024-11-01,0.16481922566890717
2024-11-04,0.1640884131193161
2024-11-05,0.16419640183448792
2024-11-06,0.16576635837554932
2024-11-07,0.16465625166893005
2024-11-08,0.16376900672912598
2024-11-11,0.1641846001148224
2024-11-12,0.16317877173423767
2024-11-13,0.16379795968532562
2024-11-14,0.16346433758735657
2024-11-15,0.1645539104938507
2024-11-18,0.16504831612110138
2024-11-19,0.16503919661045074
2024-11-20,0.16506195068359375
2024-11-21,0.16473577916622162
2024-11-22,0.1663585603237152
2024-11-25,0.1660483032464981
2024-11-26,0.16558261215686798
2024-11-27,0.15295320749282837
2024-11-29,0.15287229418754578
2024-12-02,0.15302376449108124
2024-12-03,0.15285687148571014
2024-12-04,0.15298247337341309
2024-12-05,0.1525263637304306
2024-12-06,0.15239189565181732
2024-12-09,0.15244165062904358
2024-12-10,0.15280582010746002
2024-12-11,0.15256258845329285
2024-12-12,0.15229113399982452
2024-12-13,0.15270626544952393
2024-12-16,0.1526975929737091
2024-12-17,0.1527014970779419
2024-12-18,0.1527886837720871
2024-12-19,0.1640595644712448
2024-12-20,0.1593552678823471
2024-12-23,0.1577715426683426
2024-12-24,0.1558535248041153
2024-12-26,0.15572652220726013
2024-12-27,0.15465810894966125
2024-12-30,0.15915201604366302
2024-12-31,0.1600618213415146
2025-01-02,0.15941299498081207
2025-01-03,0.15892493724822998
2025-01-06,0.15886175632476807
2025-01-07,0.15825840830802917
2025-01-08,0.15783517062664032
2025-01-10,0.15754574537277222
2025-01-13,0.15910474956035614
2025-01-14,0.15873189270496368
2025-01-15,0.1582707017660141
2025-01-16,0.15851491689682007
2025-01-17,0.15805555880069733
2025-01-21,0.1578652709722519
2025-01-22,0.1583007127046585
2025-01-23,0.15788815915584564
2025-01-24,0.15810582041740417
2025-01-27,0.15765908360481262
2025-01-28,0.15767242014408112
2025-01-29,0.1576174944639206
2025-01-30,0.15730170905590057
2025-01-31,0.16319574415683746
2025-02-03,0.16324712336063385
2025-02-04,0.1624457985162735
2025-02-05,0.1619456261396408
2025-02-06,0.1620776653289795
2025-02-07,0.1613469421863556
2025-02-10,0.16238245368003845
2025-02-11,0.16217344999313354
2025-02-12,0.1619584560394287
2025-02-13,0.1618378907442093
2025-02-14,0.16239029169082642
2025-02-18,0.16225293278694153
2025-02-19,0.16200071573257446
2025-02-20,0.16194693744182587
2025-02-21,0.16139446198940277
2025-02-24,0.1617865413427353
2025-02-25,0.16137726604938507
2025-02-26,0.1609509438276291
2025-02-27,0.16152948141098022
2025-02-28,0.16165682673454285
2025-03-03,0.16435405611991882
2025-03-04,0.15746212005615234
2025-03-05,0.16212718188762665
2025-03-06,0.16187690198421478
2025-03-07,0.1607712060213089
2025-03-10,0.15897853672504425
2025-03-11,0.1606038510799408
2025-03-12,0.1634209305047989
2025-03-13,0.16141100227832794
2025-03-14,0.16066771745681763
2025-03-17,0.16307276487350464
2025-03-18,0.16398729383945465
2025-03-19,0.16285820305347443
2025-03-20,0.16149887442588806
2025-03-21,0.16035626828670502
2025-03-24,0.15950991213321686
2025-03-25,0.16125063598155975
2025-03-26,0.15968184173107147
2025-03-27,0.15812818706035614
2025-03-28,0.1571602076292038
2025-03-31,0.16118741035461426
2025-04-01,0.16180889308452606
2025-04-02,0.172007754445076
2025-04-03,0.17044547200202942
2025-04-04,0.18246594071388245
2025-04-07,0.23804546892642975
2025-04-08,0.2247348427772522
2025-04-09,0.2165839523077011
2025-04-10,0.2668880522251129
2025-04-11,0.2553151249885559
2025-04-14,0.24228377640247345
2025-04-15,0.23063363134860992
2025-04-16,0.21810802817344666
2025-04-17,0.21269233524799347
2025-04-21,0.2026880830526352
2025-04-22,0.20408834517002106
2025-04-23,0.20857974886894226
2025-04-24,0.20075927674770355
2025-04-25,0.19528695940971375
2025-04-28,0.18872782588005066
2025-04-29,0.18427902460098267
2025-04-30,0.18118320405483246
2025-05-01,0.1782623827457428
2025-05-02,0.2410384565591812
2025-05-05,0.25036290287971497
2025-05-06,0.24414955079555511
2025-05-07,0.2411985844373703
2025-05-08,0.23784789443016052
2025-05-09,0.2297387719154358
2025-05-12,0.2262888103723526
2025-05-13,0.24219638109207153
2025-05-14,0.234543114900589
2025-05-15,0.23089195787906647
2025-05-16,0.24205909669399261
2025-05-19,0.24344691634178162
2025-05-20,0.23853062093257904
2025-05-21,0.23418813943862915
2025-05-22,0.2547203600406647
2025-05-23,0.24790345132350922
2025-05-27,0.24071268737316132
2025-05-28,0.25902238488197327
2025-05-29,0.2556569576263428
2025-05-30,0.25006067752838135
2025-06-02,0.2414402812719345
2025-06-03,0.24395492672920227
2025-06-04,0.23937736451625824
2025-06-05,0.23525667190551758
2025-06-06,0.2320675551891327
2025-06-09,0.23710666596889496
2025-06-10,0.22820840775966644
2025-06-11,0.22443628311157227
2025-06-12,0.22212199866771698
2025-06-13,0.22075018286705017
2025-06-16,0.2277081310749054
2025-06-17,0.2245638072490692
2025-06-18,0.23209571838378906
2025-06-20,0.22758926451206207
2025-06-23,0.22457800805568695
2025-06-24,0.22446604073047638
2025-06-25,0.22769753634929657
2025-06-26,0.22442299127578735
2025-06-27,0.22366800904273987
2025-06-30,0.22449465095996857
2025-07-01,0.2252253293991089
2025-07-02,0.22164249420166016
2025-07-03,0.2212398648262024
2025-07-07,0.2229740023612976
2025-07-08,0.22676579654216766
2025-07-09,0.22287708520889282
2025-07-10,0.22177453339099884
2025-07-11,0.22052761912345886
2025-07-14,0.22302211821079254
2025-07-15,0.22180841863155365
2025-07-16,0.22721122205257416
2025-07-17,0.22639870643615723
2025-07-18,0.22164832055568695
2025-07-21,0.22142164409160614
2025-07-22,0.22001276910305023
2025-07-23,0.2175104022026062
2025-07-24,0.21683795750141144
2025-07-25,0.21410658955574036
2025-07-28,0.21533599495887756
2025-07-29,0.21571266651153564
2025-07-30,0.21286465227603912
2025-07-31,0.21322689950466156
2025-08-01,0.21884243190288544
2025-08-04,0.21892249584197998
2025-08-05,0.2241152673959732
2025-08-06,0.22103171050548553
2025-08-07,0.21541807055473328
2025-08-08,0.21146735548973083
2025-08-11,0.213434100151062
2025-08-12,0.2135774940252304
2025-08-13,0.21785087883472443
2025-08-14,0.2175246626138687
2025-08-15,0.2160547822713852
2025-08-18,0.21199923753738403
2025-08-19,0.21312983334064484
2025-08-20,0.21149615943431854
2025-08-21,0.21176905930042267
2025-08-22,0.21322976052761078
2025-08-25,0.2156653255224228
2025-08-26,0.2221328467130661
2025-08-27,0.2217652052640915
2025-08-28,0.2221476435661316
2025-08-29,0.2221532166004181
2025-09-02,0.2204633206129074
2025-09-03,0.21224965155124664
2025-09-04,0.20991329848766327
2025-09-05,0.21088320016860962
2025-09-08,0.20635606348514557
2025-09-09,0.20530788600444794
2025-09-10,0.2045753449201584
2025-09-11,0.20332588255405426
2025-09-12,0.21257641911506653
2025-09-15,0.2152387648820877
2025-09-16,0.2139786034822464
2025-09-17,0.21289752423763275
2025-09-18,0.21408523619174957
2025-09-19,0.20931625366210938
2025-09-22,0.20882464945316315
2025-09-23,0.207728773355484
2025-09-24,0.20630662143230438
2025-09-25,0.20562198758125305
2025-09-26,0.20620974898338318
2025-09-29,0.20941953361034393
2025-09-30,0.207654669880867
2025-10-01,0.20355863869190216
2025-10-02,0.1899123340845108
2025-10-03,0.19022145867347717
2025-10-06,0.19186122715473175
2025-10-07,0.1901625394821167
2025-10-08,0.18866871297359467
2025-10-09,0.18781721591949463
2025-10-10,0.18814334273338318
2025-10-13,0.2081366926431656
2025-10-14,0.20803721249103546
2025-10-15,0.2085878998041153
2025-10-16,0.20352637767791748
2025-10-17,0.20409813523292542
2025-10-20,0.20821832120418549
2025-10-21,0.21295587718486786
2025-10-22,0.20753240585327148
2025-10-23,0.2024657279253006
2025-10-24,0.19969134032726288
2025-10-27,0.1970043182373047
2025-10-28,0.19927677512168884
2025-10-29,0.19844859838485718
2025-10-30,0.2026209831237793
2025-10-31,0.1976613849401474
2025-11-03,0.19491435587406158
2025-11-04,0.19467996060848236
2025-11-05,0.19094356894493103
2025-11-06,0.18917600810527802
2025-11-07,0.19088324904441833
2025-11-10,0.19204208254814148
2025-11-11,0.19329723715782166
2025-11-12,0.20176087319850922
2025-11-13,0.20180964469909668
2025-11-14,0.20066258311271667
2025-11-17,0.2000865638256073
2025-11-18,0.2051062434911728
2025-11-19,0.2022022157907486
2025-11-20,0.20075611770153046
2025-11-21,0.2036978006362915
2025-11-24,0.21506661176681519
2025-11-25,0.20934204757213593
2025-11-26,0.21657991409301758
2025-11-28,0.21554440259933472
2025-12-01,0.21694296598434448
2025-12-02,0.2196316421031952
2025-12-03,0.21582290530204773
2025-12-04,0.214462548494339
2025-12-05,0.2128295600414276
2025-12-08,0.2101529985666275
2025-12-09,0.21052443981170654
2025-12-10,0.209046870470047
2025-12-11,0.21080122888088226
2025-12-12,0.2110290229320526
2025-12-15,0.20679716765880585
2025-12-16,0.20530951023101807
2025-12-17,0.20804208517074585
2025-12-18,0.20562055706977844
2025-12-19,0.2042917013168335
2025-12-22,0.20135384798049927
2025-12-23,0.2041431963443756
2025-12-24,0.20452341437339783
2025-12-26,0.20723983645439148
2025-12-29,0.20790429413318634
2025-12-30,0.20789869129657745
2025-12-31,0.2084597498178482
2026-01-02,0.20628507435321808
2026-01-05,0.1984909176826477
2026-01-06,0.19638843834400177
2026-01-07,0.1942194551229477
2026-01-08,0.19560271501541138
2026-01-09,0.19575686752796173
2026-01-12,0.19441752135753632
2026-01-13,0.19159038364887238
2026-01-14,0.187470942735672
2026-01-15,0.18393777310848236
2026-01-16,0.1811230331659317
