refit_date,forecast_from,a,b,a_plus_b,mean_garch_alpha,mean_garch_beta
2017-01-24,2017-01-25,0.06783213409912639,0.17325748260343862,0.241089616702565,0.156271345111217,0.43205548088644014
2017-02-23,2017-02-24,0.0793463258229959,0.19360065521568837,0.27294698103868426,0.14862632030406092,0.2952192642323652
2017-03-24,2017-03-27,0.08651880583987792,0.18442322686534895,0.2709420327052269,0.15818984585546825,0.2877009615982243
2017-04-25,2017-04-26,0.08202786183042292,0.17485034409315572,0.25687820592357863,0.16617184054399176,0.3058423923107833
2017-05-24,2017-05-25,0.08656390800272123,0.1701285536659356,0.25669246166865684,0.16582369577039735,0.28663866146144107
2017-06-23,2017-06-26,0.07039924171635926,0.23899864450206224,0.3093978862184215,0.15129151797598664,0.34538735687879224
2017-07-25,2017-07-26,0.04845210715943503,0.16000687171486344,0.20845897887429848,0.11549007753863194,0.33396020640950086
2017-08-23,2017-08-24,0.049032014047325795,0.16239210540960097,0.21142411945692677,0.10445858243075998,0.3697174971221463
2017-09-22,2017-09-25,0.026946722847200327,0.08542600734916056,0.11237273019636089,0.1071168049729164,0.359853588109322
2017-10-23,2017-10-24,0.02592655304456252,0.08219188372115198,0.1081184367657145,0.1021662848140104,0.3993670168332726
2017-11-21,2017-11-22,0.018301062964513524,0.5562904444059638,0.5745915073704773,0.09071319688297455,0.2583792581147286
2017-12-21,2017-12-22,0.02135501893578968,0.5619938625918325,0.5833488815276222,0.09992531132080887,0.2609984854665172
2018-01-24,2018-01-25,0.018031116125072702,0.7079392037368423,0.725970319861915,0.09351381322411127,0.28591332328213986
2018-02-23,2018-02-26,0.0478621310129527,0.7420482599095067,0.7899103909224594,0.15342432474035894,0.5086599152852288
2018-03-26,2018-03-27,0.05752980085840866,0.7549925630049836,0.8125223638633923,0.1542627740928432,0.5224107055315933
2018-04-25,2018-04-26,0.056248376042636196,0.8255567458182972,0.8818051218609334,0.14214914757361508,0.5708282600307658
2018-05-24,2018-05-25,0.05554140901132131,0.8276110094313426,0.8831524184426639,0.1497630364777937,0.5532209695433071
2018-06-25,2018-06-26,0.05542590458165622,0.8181231390082369,0.873549043589893,0.1498816913294153,0.5530580443007912
2018-07-25,2018-07-26,0.055393546340738745,0.8176455098954238,0.8730390562361626,0.15043679470733204,0.5683305664280144
2018-08-23,2018-08-24,0.05401368031047181,0.8219139898113798,0.8759276701218516,0.1536542758295971,0.5219353727306293
2018-09-24,2018-09-25,0.05443437750240903,0.8222726506373481,0.8767070281397571,0.15258238200388585,0.5056109815901343
2018-10-23,2018-10-24,0.055438757299226385,0.7769578720257212,0.8323966293249476,0.15651749397409012,0.4786872753324859
2018-11-21,2018-11-23,0.04522959777027658,0.7885338169556629,0.8337634147259395,0.14036174850232486,0.5567219358622854
2018-12-24,2018-12-26,0.045036668274660664,0.785170279823318,0.8302069480979787,0.12552108958115887,0.5754349613493478
2019-01-25,2019-01-28,0.05216449496447686,0.7924544115785346,0.8446189065430114,0.1246400441062897,0.5838367987010841
2019-02-26,2019-02-27,0.04988124877883486,0.773152445692492,0.8230336944713268,0.12094134997441483,0.5206721886364719
2019-03-27,2019-03-28,0.0479425092185569,0.7379157736949963,0.7858582829135532,0.11744826116223647,0.5509023141597554
2019-04-26,2019-04-29,0.04117247194518798,0.8225975771546824,0.8637700490998704,0.1186111592070425,0.5496779050017117
2019-05-28,2019-05-29,0.04621131094777438,0.7701945783175951,0.8164058892653695,0.10995347218680651,0.5523055465870105
2019-06-26,2019-06-27,0.045909335400507276,0.7651616129132494,0.8110709483137566,0.10558097029885341,0.5319962775627881
2019-07-26,2019-07-29,0.04182926856853841,0.7925156605371252,0.8343449291056636,0.1065517654126796,0.5191155448860736
2019-08-26,2019-08-27,0.048588735629334946,0.7627531017967241,0.811341837426059,0.10476888798972289,0.5182817341425785
2019-09-25,2019-09-26,0.051455287406271526,0.7518973471985332,0.8033526346048047,0.10128685223480398,0.4953322363168432
2019-10-24,2019-10-25,0.05835964831120467,0.7574435830096692,0.8158032313208738,0.10268779918604372,0.49677055274125964
2019-11-22,2019-11-25,0.06690284436986156,0.7664121510305184,0.83331499540038,0.10889793062305601,0.48546617872748193
2019-12-24,2019-12-26,0.0582791008057065,0.7330169023832176,0.7912960031889241,0.09746728769538188,0.4383879107132121
2020-01-27,2020-01-28,0.057564197177639116,0.7240250607847081,0.7815892579623472,0.09115090727061982,0.42073321886074944
2020-02-26,2020-02-27,0.05490161782773629,0.707801772734599,0.7627033905623353,0.1100184668911338,0.4031152275692941
2020-03-26,2020-03-27,0.09504097897382481,0.7539904744007974,0.8490314533746222,0.2586246546994038,0.6790053734221272
2020-04-27,2020-04-28,0.08715897151490702,0.8012848441304781,0.8884438156453851,0.2413875096001283,0.7132152069728305
2020-05-27,2020-05-28,0.0836427536617052,0.817963498403484,0.9016062520651893,0.23392594265640385,0.7241618818377336
2020-06-25,2020-06-26,0.08278975031459514,0.811464304305944,0.8942540546205391,0.2294799529677401,0.7291892221155786
2020-07-27,2020-07-28,0.07670869191807149,0.8365204916598128,0.9132291835778843,0.20650880563995602,0.758969237886664
2020-08-25,2020-08-26,0.07714450871672675,0.8369039680841117,0.9140484768008384,0.21930039701038287,0.7416162007876771
2020-09-24,2020-09-25,0.07701468000149451,0.8354955182960899,0.9125101982975844,0.2184369406798108,0.7397829519398637
2020-10-23,2020-10-26,0.06692110967407638,0.8526773218225386,0.919598431496615,0.22505905548271682,0.7314321338204085
2020-11-23,2020-11-24,0.06476480132478002,0.8358443072328922,0.9006091085576722,0.2312619407088195,0.7126010753847978
2020-12-23,2020-12-24,0.06637479146917617,0.8364826413051706,0.9028574327743467,0.23206283924499474,0.7004660380720977
2021-01-26,2021-01-27,0.0618600642520896,0.8575452334273281,0.9194052976794177,0.2169980762564977,0.717808580594176
2021-02-25,2021-02-26,0.06282889964228537,0.8582221658901742,0.9210510655324595,0.1984302154989347,0.7435109037755037
2021-03-26,2021-03-29,0.040455082623055534,0.8102892814143978,0.8507443640374533,0.11569848815635675,0.6609410182590867
2021-04-27,2021-04-28,0.023460769791345936,0.8232442382285806,0.8467050080199265,0.09709318769508288,0.5488643667433316
2021-05-26,2021-05-27,0.033980873467959596,0.6604386849187649,0.6944195583867245,0.10417777584554633,0.49704813654718116
2021-06-25,2021-06-28,0.036107714325940135,0.4960186656372416,0.5321263799631818,0.10087594418851464,0.4854124136459032
2021-07-27,2021-07-28,0.03456456833123489,0.4748201702058302,0.5093847385370651,0.10603600102186996,0.5121961514153951
2021-08-25,2021-08-26,0.03284774817983742,0.45123587924384256,0.48408362742368,0.11058214257676793,0.520104798988607
2021-09-24,2021-09-27,0.02618450565342753,0.36947518596568996,0.3956596916191175,0.10230701396744518,0.5541215283886427
2021-10-25,2021-10-26,0.02381665254452766,0.42549853719362246,0.4493151897381501,0.11016458810822645,0.5374322508591949
2021-11-23,2021-11-24,0.03221580237500957,0.4469725916571296,0.4791883940321392,0.09212093169870998,0.400035530548848
2021-12-23,2021-12-27,0.03141556303598416,0.46043653242560234,0.4918520954615865,0.09255276446031577,0.4201778515219836
2022-01-25,2022-01-26,0.030404074172743698,0.6028674144433218,0.6332714886160655,0.09399582907947995,0.40657697323316794
2022-02-24,2022-02-25,0.029457966316885232,0.6148830104625427,0.6443409767794279,0.08650563989809056,0.4393949526038112
2022-03-25,2022-03-28,0.03005171755155218,0.8224111089193893,0.8524628264709415,0.09970230702861534,0.534921532397938
2022-04-26,2022-04-27,0.032515148565134926,0.8242769122629663,0.8567920608281012,0.1030010299817619,0.5486799862415159
2022-05-25,2022-05-26,0.03628181198915218,0.8280329757507445,0.8643147877398967,0.10427323825561477,0.5978781589450035
2022-06-27,2022-06-28,0.03134505173234798,0.9060987133611483,0.9374437650934964,0.09555991423924784,0.6563301238883086
2022-07-27,2022-07-28,0.03081813350280026,0.8908669653354462,0.9216850988382465,0.089850792974131,0.6153573796523325
2022-08-25,2022-08-26,0.02737844417552472,0.9064890976327348,0.9338675418082595,0.08447027638978553,0.5873598841987011
2022-09-26,2022-09-27,0.030625484704486172,0.9077723646541593,0.9383978493586456,0.0739386560610199,0.5197323927369094
2022-10-25,2022-10-26,0.031523750876074556,0.9081049649880267,0.9396287158641012,0.07439166241853835,0.493881022182251
2022-11-23,2022-11-25,0.027331871930109948,0.9048192063903668,0.9321510783204768,0.06616126373471541,0.3439114689271803
2022-12-23,2022-12-27,0.027107272997658298,0.897383878567352,0.9244911515650103,0.06687599147515179,0.3019427692400617
2023-01-26,2023-01-27,0.014439214354476562,0.9488546165108785,0.9632938308653551,0.06597803700239534,0.3090539857431356
2023-02-27,2023-02-28,0.02224109967887281,0.8778071983746313,0.9000482980535041,0.06625797007465603,0.32917705822552273
2023-03-28,2023-03-29,0.019061891279394647,0.8661824069658867,0.8852442982452813,0.068542520548651,0.3440361123774695
2023-04-27,2023-04-28,0.019359039138083317,0.8663404362533939,0.8856994753914772,0.07381849211319537,0.39607424575338
2023-05-26,2023-05-30,0.02404659797058244,0.8688333755790114,0.8928799735495938,0.07996187495543129,0.3721253929654541
2023-06-28,2023-06-29,0.024621740588761973,0.8691392481455076,0.8937609887342696,0.07391062599628496,0.35817313067102163
2023-07-28,2023-07-31,0.018839631970027314,0.9389572890647011,0.9577969210347285,0.07401072106562358,0.38015440908617243
2023-08-28,2023-08-29,0.018777781382903223,0.9358746885284757,0.9546524699113789,0.07572027932227052,0.4137838468823065
2023-09-27,2023-09-28,0.017959591834855362,0.9149352493154979,0.9328948411503533,0.0834984345951014,0.42595967594724043
2023-10-26,2023-10-27,0.017888470508764368,0.9113120373395762,0.9292005078483406,0.08135160746725147,0.3372911680197681
2023-11-27,2023-11-28,0.008151305096790002,0.9046147782805136,0.9127660833773036,0.061976065211170585,0.2898840925408192
2023-12-27,2023-12-28,0.008862727148132004,0.5702311289556342,0.5790938561037662,0.06552080818871732,0.265018380594734
2024-01-29,2024-01-30,0.010257248924142683,0.5726529126263218,0.5829101615504645,0.06046673253050937,0.2977358808788671
2024-02-28,2024-02-29,0.007122572572891102,0.7672792354896257,0.7744018080625168,0.06345555639267877,0.2970486171410074
2024-03-28,2024-04-01,0.005570076424042796,0.5241762743391541,0.529746350763197,0.05415572357724873,0.22023769022980505
2024-04-29,2024-04-30,0.007932599277556867,0.5286690003469339,0.5366015996244907,0.04971158793459687,0.27182326347246355
2024-05-29,2024-05-30,0.0064283831812993845,0.42842034387387795,0.43484872705517735,0.04992499727487689,0.27680471772816145
2024-06-28,2024-07-01,0.007542714724489024,0.43098497599912555,0.4385276907236146,0.053454692716826104,0.25887852127264965
2024-07-30,2024-07-31,0.004059699533811396,0.9196690248633417,0.923728724397153,0.06507959291911203,0.2826176399551414
2024-08-28,2024-08-29,0.0075533709105956885,0.7857336968081653,0.793287067718761,0.08171973750008611,0.3098942015657818
2024-09-27,2024-09-30,0.005660635164461048,0.8366684916950599,0.8423291268595209,0.08020454997910141,0.3418930923611738
2024-10-28,2024-10-29,0.005956521747924481,0.8356553148716455,0.84161183661957,0.07751395796216838,0.30244518839466183
2024-11-26,2024-11-27,0.0041567585668901294,0.5831620425578643,0.5873188011247544,0.0793024813345246,0.2781729423742878
2024-12-27,2024-12-30,0.002034195920025888,0.7903947878050399,0.7924289837250658,0.07810779579589788,0.24709368303729617
2025-01-30,2025-01-31,0.004402257214571858,0.7922914578625866,0.7966937150771585,0.07339906327632845,0.2518783731164113
2025-03-03,2025-03-04,0.0059576014208551804,0.7872739608990622,0.7932315623199174,0.06847298377656992,0.2683472003229379
2025-04-01,2025-04-02,0.008826775337547135,0.7897204468119207,0.7985472221494678,0.07187277366973346,0.3088558363177556
2025-05-01,2025-05-02,0.033203312289340335,0.8111391948504866,0.844342507139827,0.13828629530078207,0.4277464436684313
2025-06-02,2025-06-03,0.034968999646504115,0.8125877712946369,0.847556770941141,0.12896940347706787,0.44754190956145157
2025-07-02,2025-07-03,0.026322078573881733,0.8834032866294127,0.9097253652032944,0.12944278669204187,0.4344987653987296
2025-08-01,2025-08-04,0.02751596903525607,0.8839669135982339,0.91148288263349,0.13017409752058193,0.4130767650125061
2025-09-02,2025-09-03,0.027139198893744183,0.8854051086614831,0.9125443075552273,0.1338296864838052,0.4115127490711412
2025-10-01,2025-10-02,0.02842010135740538,0.8860005249521881,0.9144206263095934,0.1356519084205493,0.3919658520710187
2025-10-30,2025-10-31,0.028690057489118286,0.8861260116954472,0.9148160691845655,0.13786795508288674,0.3903300018710397
2025-12-01,2025-12-02,0.024976837037502253,0.9034391461234048,0.9284159831609071,0.14226267085381947,0.4021335773482931
2025-12-31,2026-01-02,0.025535446338613196,0.9036515468743196,0.9291869932129327,0.14253447814492082,0.4048474799829622
