asset,ticker,corr,runner_up_corr,runner_up,scale,scale_cv,shared_days,name,sector,sub_industry,in_sp500
Asset_001,AAPL,0.99999999991116,0.6754743087589024,MSFT,1.2782145605293513,1.6745013044534078e-07,2511,Apple Inc.,Information Technology,"Technology Hardware, Storage & Peripherals",True
Asset_002,MSFT,0.9999999999101963,0.7039550350625611,GOOGL,1.3952237585169354,1.6082899462572232e-07,2511,Microsoft,Information Technology,Systems Software,True
Asset_003,GOOG,0.9999999999672091,0.9952405720263996,GOOGL,1.0306253013386113,1.0288403794350251e-07,2511,Alphabet Inc. (Class C),Communication Services,Interactive Media & Services,True
Asset_004,AMZN,1.0,0.6651889457322921,MSFT,1.1441542084020186,1.1359730494263234e-16,2511,Amazon,Consumer Discretionary,Broadline Retail,True
Asset_005,NVDA,0.9999999999719286,0.6750089315936633,MPWR,1.3126541164644918,1.6480009291487895e-07,2511,Nvidia,Information Technology,Semiconductors,True
Asset_006,META,0.999999999980645,0.6060152661811792,GOOG,1.2807968335211637,1.0750629420270716e-07,2511,Meta Platforms,Communication Services,Interactive Media & Services,True
Asset_007,TSLA,1.0,0.4657709391527259,COIN,0.5062831085064387,1.1630068739966642e-16,2511,"Tesla, Inc.",Consumer Discretionary,Automobile Manufacturers,True
Asset_008,BRK-B,1.0,0.7527061520592717,L,1.2460463774616861,1.1409768824473155e-16,2511,Berkshire Hathaway,Financials,Multi-Sector Holdings,True
Asset_009,LLY,0.9999999999093234,0.4411717932719234,MRK,0.867745100293043,1.7547746821773504e-07,2511,Lilly (Eli),Health Care,Pharmaceuticals,True
Asset_010,V,0.9999999998817194,0.8998737689521592,MA,0.644130686653996,1.6547009168097444e-07,2511,Visa Inc.,Financials,Transaction & Payment Processing Services,True
Asset_011,TSM,0.999999999943361,0.6846632438299888,LRCX,1.4430644769681857,1.6150293188548774e-07,2511,Taiwan Semiconductor (ADR),Information Technology,Semiconductors,False
Asset_012,UNH,0.9999999999251307,0.7138359163341093,ELV,1.2563648497815003,1.5901902231147728e-07,2511,UnitedHealth Group,Health Care,Managed Health Care,True
Asset_013,XOM,0.9999999999171119,0.8310002818977895,CVX,0.9692565927707919,1.6080901714318515e-07,2511,ExxonMobil,Energy,Integrated Oil & Gas,True
Asset_014,JPM,0.9999999999154979,0.883627360001918,BAC,0.6898858764913182,1.595970311120317e-07,2511,JPMorgan Chase,Financials,Diversified Banks,True
Asset_015,WMT,0.9999999998559835,0.5610705517117721,COST,0.834893538739639,1.639228291851002e-07,2511,Walmart,Consumer Staples,Consumer Staples Merchandise Retail,True
Asset_016,MA,0.9999999999056006,0.8998733882700468,V,1.121234772655483,1.6537660969034553e-07,2511,Mastercard,Financials,Transaction & Payment Processing Services,True
Asset_017,PG,0.999999999778217,0.7222827836592906,CL,0.6714916003242979,1.794199050566313e-07,2511,Procter & Gamble,Consumer Staples,Personal Care Products,True
Asset_018,JNJ,0.9999999998134903,0.532212211853294,PEP,1.4962553305559756,1.616995410945598e-07,2511,Johnson & Johnson,Health Care,Pharmaceuticals,True
Asset_019,AVGO,0.999999999955636,0.6675636851884118,AMAT,0.5855906099522303,1.5846986532475672e-07,2511,Broadcom,Information Technology,Semiconductors,True
Asset_020,HD,0.9999999998783798,0.8236618455591378,LOW,1.2953146440145846,1.7007985629391972e-07,2511,Home Depot (The),Consumer Discretionary,Home Improvement Retail,True
Asset_021,CVX,0.9999999999237963,0.831000258484583,XOM,1.4354951814079229,1.6183555631045417e-07,2511,Chevron Corporation,Energy,Integrated Oil & Gas,True
Asset_022,MRK,0.999999999867136,0.4920415361551917,JNJ,0.5679130594267982,1.6662838536366472e-07,2511,Merck & Co.,Health Care,Pharmaceuticals,True
Asset_023,ABBV,0.9999999998948211,0.49266104230233726,AMGN,0.7802528298403768,1.6834660238911895e-07,2511,AbbVie,Health Care,Biotechnology,True
Asset_024,COST,0.9999999998310573,0.5610703003730837,WMT,1.0951667241455,1.8106153084739058e-07,2511,Costco,Consumer Staples,Consumer Staples Merchandise Retail,True
Asset_025,PEP,0.9999999998242535,0.7209244261514088,KO,1.3454296467325093,1.6246757304991873e-07,2511,PepsiCo,Consumer Staples,Soft Drinks & Non-alcoholic Beverages,True
Asset_026,KO,0.9999999997988228,0.7209242113311588,PEP,0.9533558580789873,1.6521310245731768e-07,2511,Coca-Cola Company (The),Consumer Staples,Soft Drinks & Non-alcoholic Beverages,True
Asset_027,ADBE,1.0,0.692831210865361,MSFT,1.1980839244878227,9.365805585854034e-17,2511,Adobe Inc.,Information Technology,Application Software,True
Asset_028,BAC,0.9999999999393793,0.8836271501907852,JPM,0.8286021917621414,1.5547410827146061e-07,2511,Bank of America,Financials,Diversified Banks,True
Asset_029,CSCO,0.9999999998949382,0.5620315413307848,MSFT,1.4092006168206668,1.6519597232449557e-07,2511,Cisco,Information Technology,Communications Equipment,True
Asset_030,MCD,0.999999999837792,0.644807126514239,YUM,1.0476313541377158,1.6460651685200776e-07,2511,McDonald's,Consumer Discretionary,Restaurants,True
Asset_031,TMO,0.9999999998817091,0.7421654713414552,A,1.2731168428783597,1.7395764307264226e-07,2511,Thermo Fisher Scientific,Health Care,Life Sciences Tools & Services,True
Asset_032,CRM,0.9999999999745094,0.6929343225103766,NOW,0.7589280010012944,1.1161725689826766e-07,2511,Salesforce,Information Technology,Application Software,True
Asset_033,PFE,0.9999999998931649,0.5068297515224558,JNJ,0.8681160608510343,1.5513268021320068e-07,2511,Pfizer,Health Care,Pharmaceuticals,True
Asset_034,NFLX,0.9999999999999999,0.5202169774934418,AMZN,1.050954842388549,1.0660307646994168e-16,2511,Netflix,Communication Services,Movies & Entertainment,True
Asset_035,LIN,0.9999999998733782,0.6687903319114972,APD,1.38288259822802,1.6439372303137408e-07,2511,Linde plc,Materials,Industrial Gases,True
Asset_036,AMD,1.0,0.6187234327965562,NVDA,0.5983962075192379,2.0718423466443486e-16,2511,Advanced Micro Devices,Information Technology,Semiconductors,True
Asset_037,ACN,0.9999999999053935,0.6514147713783832,CTSH,0.8481772543331628,1.537234024777475e-07,2511,Accenture,Information Technology,IT Consulting & Other Services,True
Asset_038,ABT,0.9999999998809505,0.5879582144516675,TMO,1.1992736135317918,1.644099607874407e-07,2511,Abbott Laboratories,Health Care,Health Care Equipment,True
Asset_039,DHR,0.9999999999139115,0.6556232476663411,TMO,1.1630100386945939,1.720239779469416e-07,2511,Danaher Corporation,Health Care,Life Sciences Tools & Services,True
Asset_040,DIS,0.9999999999790657,0.5886908021932158,AXP,1.2148952533014854,8.23558504805634e-08,2511,Walt Disney Company (The),Communication Services,Movies & Entertainment,True
Asset_041,NKE,0.9999999999364743,0.5067235208898524,BLK,1.4629378143573766,1.6164224314655477e-07,2511,"Nike, Inc.",Consumer Discretionary,"Apparel, Accessories & Luxury Goods",True
Asset_042,WFC,0.9999999999388377,0.8349282382651979,BAC,1.1261676466629207,1.5879601458154006e-07,2511,Wells Fargo,Financials,Diversified Banks,True
Asset_043,TXN,0.999999999926908,0.8299689605238164,ADI,0.7038386357929028,1.5883905583460962e-07,2511,Texas Instruments,Information Technology,Semiconductors,True
Asset_044,PM,0.9999999998774693,0.6017159377229523,MO,1.3539273102887457,1.6966544185810149e-07,2511,Philip Morris International,Consumer Staples,Tobacco,True
Asset_045,VZ,0.9999999998146685,0.6704476263443687,T,0.9098108782124317,1.6915118409258031e-07,2511,Verizon,Communication Services,Integrated Telecommunication Services,True
Asset_046,NEE,0.9999999998897359,0.7111959671157004,LNT,0.8686223907471445,1.7132435062439783e-07,2511,NextEra Energy,Utilities,Multi-Utilities,True
Asset_047,RTX,0.9999999999087995,0.6740158486681851,GD,0.6436343759782877,1.687555515945158e-07,2511,RTX Corporation,Industrials,Aerospace & Defense,True
Asset_048,INTC,0.9999999999742313,0.5781443106828706,MCHP,0.5427735232421546,1.2937716189513532e-07,2511,Intel,Information Technology,Semiconductors,True
Asset_049,HON,0.9999999998760517,0.7122790624450974,ITW,0.5664352557342152,1.6595906761750985e-07,2511,Honeywell Technologies,Industrials,Industrial Conglomerates,True
Asset_050,QCOM,0.9999999999507595,0.6656005293128144,ADI,1.1252987900487041,1.644971713150056e-07,2511,Qualcomm,Information Technology,Semiconductors,True
Asset_051,UNP,0.9999999999009039,0.7958815086358075,NSC,1.383844445414452,1.5899111323677534e-07,2511,Union Pacific Corporation,Industrials,Rail Transportation,True
Asset_052,LOW,0.9999999999199233,0.8236620346701237,HD,1.2752765817553675,1.659735720126157e-07,2511,Lowe's,Consumer Discretionary,Home Improvement Retail,True
Asset_053,IBM,0.9999999998950962,0.5357769856642516,BRK-B,1.4973806289574867,1.590177108194736e-07,2511,IBM,Information Technology,IT Consulting & Other Services,True
Asset_054,SPGI,0.9999999998896416,0.8633302776795113,MCO,0.9974692827954244,1.706384942471519e-07,2511,S&P Global,Financials,Financial Exchanges & Data,True
Asset_055,UPS,0.9999999999025441,0.6179452680680636,FDX,1.0981361257364721,1.6550631201497906e-07,2511,United Parcel Service,Industrials,Air Freight & Logistics,True
Asset_056,CAT,0.999999999923224,0.7017218711315609,EMR,0.9189635296404667,1.669184938557075e-07,2511,Caterpillar Inc.,Industrials,Construction Machinery & Heavy Transportation Equipment,True
Asset_057,BA,0.9999999999947586,0.6091187810512392,TXT,0.6492538452864078,6.027685822668208e-08,2511,Boeing,Industrials,Aerospace & Defense,True
Asset_058,GE,0.9999999999382899,0.5768742048613543,PH,1.2198624834213874,1.7883471464397244e-07,2511,GE Aerospace,Industrials,Aerospace & Defense,True
Asset_059,AMGN,0.9999999998924672,0.49344156213529533,JNJ,1.4947496394011048,1.6385897069120068e-07,2511,Amgen,Health Care,Biotechnology,True
Asset_060,INTU,0.9999999999330431,0.676240018405188,MSFT,0.5615725116048292,1.6603994802315075e-07,2511,Intuit,Information Technology,Application Software,True
Asset_061,ISRG,0.9999999999999998,0.6568302450336994,SYK,1.1898683761716424,2.1400661845267908e-16,2511,Intuitive Surgical,Health Care,Health Care Equipment,True
Asset_062,PLD,0.999999999917358,0.6973625043630772,ARE,0.8043797344348984,1.545431702012443e-07,2511,Prologis,Real Estate,Industrial REITs,True
Asset_063,DE,0.9999999999175078,0.6751949388230442,CAT,0.7674164438954703,1.7227601172254834e-07,2511,Deere & Company,Industrials,Agricultural & Farm Machinery,True
Asset_064,SYK,0.9999999999015189,0.6877575774884975,MDT,1.1235854516577772,1.6125846825011967e-07,2511,Stryker Corporation,Health Care,Health Care Equipment,True
Asset_065,BKNG,0.9999999999686958,0.6663709565641199,EXPE,16.539125899484972,1.129543805132136e-07,2511,Booking Holdings,Consumer Discretionary,"Hotels, Resorts & Cruise Lines",True
Asset_066,ELV,0.9999999999284633,0.7138358728690485,UNH,1.2426948725167244,1.6405501000790642e-07,2511,Elevance Health,Health Care,Managed Health Care,True
Asset_067,GS,0.9999999999200447,0.8678609023971016,MS,1.1366959412940483,1.6652821460409747e-07,2511,Goldman Sachs,Financials,Investment Banking & Brokerage,True
Asset_068,MS,0.9999999999244292,0.8678608301718513,GS,1.4264374821555914,1.7086334880641478e-07,2511,Morgan Stanley,Financials,Investment Banking & Brokerage,True
Asset_069,BLK,0.9999999999146055,0.7665548604815591,TROW,0.6709795008555263,1.611540781835103e-07,2511,BlackRock,Financials,Asset Management & Custody Banks,True
Asset_070,LMT,0.9999999998718268,0.7354067400134096,NOC,0.7377547245114143,1.6677282509652044e-07,2511,Lockheed Martin,Industrials,Aerospace & Defense,True
Asset_071,MDLZ,0.9999999998576109,0.6865370759675723,PEP,1.2567359601225192,1.5778424404580565e-07,2511,Mondelez International,Consumer Staples,Packaged Foods & Meats,True
Asset_072,T,0.9999999998705098,0.6704475574299785,VZ,1.182416119620087,1.704056827040035e-07,2511,AT&T,Communication Services,Integrated Telecommunication Services,True
Asset_073,AXP,0.9999999999390922,0.8029078214576982,COF,0.5766850959681543,1.5219634685466898e-07,2511,American Express,Financials,Consumer Finance,True
Asset_074,ADI,0.9999999999298789,0.8391399053727592,MCHP,0.9637127461832177,1.6774629287361795e-07,2511,Analog Devices,Information Technology,Semiconductors,True
Asset_075,TJX,0.9999999998960241,0.7670919765080927,ROST,0.7950866051341139,1.693847188821524e-07,2511,TJX Companies,Consumer Discretionary,Apparel Retail,True
Asset_076,ADP,0.9999999998830882,0.8046599727209679,PAYX,0.799212631618678,1.6694556728207363e-07,2511,Automatic Data Processing,Industrials,Human Resource & Employment Services,True
Asset_077,MRSH,0.9999999998361251,0.8057572763495215,AJG,0.9930439437940883,1.6383319191243627e-07,2511,Marsh McLennan,Financials,Insurance Brokers,True
Asset_078,C,0.9999999999411088,0.8681863105051066,BAC,1.4533961385456895,1.6296895951101526e-07,2511,Citigroup,Financials,Diversified Banks,True
Asset_079,GILD,0.9999999998967448,0.48672552227722254,AMGN,1.1851077194224644,1.6564829680264166e-07,2511,Gilead Sciences,Health Care,Biotechnology,True
Asset_080,VRTX,0.9999999999999999,0.4665203172834046,REGN,1.0456097531472783,2.402642206588955e-16,2511,Vertex Pharmaceuticals,Health Care,Biotechnology,True
Asset_081,LRCX,0.9999999999635711,0.9054000784133883,AMAT,0.7284078105378068,1.644892387380626e-07,2511,Lam Research,Information Technology,Semiconductor Materials & Equipment,True
Asset_082,CI,0.9999999999418059,0.6764080037000147,ELV,0.8959180228236485,1.4904368730144349e-07,2511,Cigna,Health Care,Health Care Services,True
Asset_083,SCHW,0.9999999999395609,0.7696259216531753,RJF,1.2335077106324448,1.6678520510218933e-07,2511,Charles Schwab Corporation,Financials,Investment Banking & Brokerage,True
Asset_084,MO,0.9999999998701742,0.6017154419416509,PM,1.091367778662254,1.6452893756081822e-07,2511,Altria,Consumer Staples,Tobacco,True
Asset_085,REGN,0.9999999999843322,0.46652045550517474,VRTX,0.5102389340617941,8.087725898759536e-08,2511,Regeneron Pharmaceuticals,Health Care,Biotechnology,True
Asset_086,CB,0.9999999998847973,0.8283341529938644,TRV,1.0427362283797341,1.601992808247103e-07,2511,Chubb Limited,Financials,Property & Casualty Insurance,True
Asset_087,ZTS,0.9999999998998073,0.5850154700940258,IQV,1.2033792224938786,1.6359949454142902e-07,2511,Zoetis,Health Care,Pharmaceuticals,True
Asset_088,PGR,0.9999999998952972,0.6492553439563928,ALL,0.9513513423908141,1.5725429548303623e-07,2511,Progressive Corporation,Financials,Property & Casualty Insurance,True
Asset_089,SO,0.9999999998420596,0.8395768957489962,DUK,1.4375750458632934,1.7243988908530905e-07,2511,Southern Company,Utilities,Electric Utilities,True
Asset_090,BSX,0.9999999999999996,0.6821505705911349,SYK,1.170187666808436,2.055023303363901e-16,2511,Boston Scientific,Health Care,Health Care Equipment,True
Asset_091,SLB,0.999999999958297,0.8623275855381975,HAL,0.931227535609078,1.6581711320876355e-07,2511,Schlumberger,Energy,Oil & Gas Equipment & Services,True
Asset_092,BDX,0.9999999998778756,0.5228307970686883,ABT,1.7364837532248647,1.6723009148443128e-07,2511,Becton Dickinson,Health Care,Health Care Equipment,True
Asset_093,CME,0.9999999998549151,0.6491612765496286,ICE,0.7761869452236199,1.8234821333711143e-07,2511,CME Group,Financials,Financial Exchanges & Data,True
Asset_094,EOG,0.9999999999480523,0.8443218632351408,COP,1.108118159939389,1.813684103779735e-07,2511,EOG Resources,Energy,Oil & Gas Exploration & Production,True
Asset_095,TMUS,0.9999999999529194,0.45012847112753973,ADP,1.5207157729832053,1.1490411155874456e-07,2511,T-Mobile US,Communication Services,Wireless Telecommunication Services,True
Asset_096,ITW,0.9999999998853334,0.7577690804932554,PH,0.8923791111238296,1.585825710948198e-07,2511,Illinois Tool Works,Industrials,Industrial Machinery & Supplies & Components,True
Asset_097,MU,0.9999999999798042,0.7322638981194426,LRCX,0.9777158568431769,1.3927280111960486e-07,2511,Micron Technology,Information Technology,Semiconductors,True
Asset_098,CL,0.9999999997998164,0.7222818072726448,PG,1.2546137056821935,1.7237550242158942e-07,2511,Colgate-Palmolive,Consumer Staples,Household Products,True
Asset_099,EQIX,0.9999999998976509,0.7360846716117427,DLR,0.7826944741952758,1.693039801108866e-07,2511,Equinix,Real Estate,Data Center REITs,True
Asset_100,CSX,0.9999999999008298,0.8147001108871704,NSC,0.7424763857302094,1.7458955619233911e-07,2511,CSX Corporation,Industrials,Rail Transportation,True
