ticker,name,sector,sub_industry,in_sp500
MMM,3M,Industrials,Industrial Conglomerates,True
AOS,A. O. Smith,Industrials,Building Products,True
ABT,Abbott Laboratories,Health Care,Health Care Equipment,True
ABBV,AbbVie,Health Care,Biotechnology,True
ACN,Accenture,Information Technology,IT Consulting & Other Services,True
ADBE,Adobe Inc.,Information Technology,Application Software,True
AMD,Advanced Micro Devices,Information Technology,Semiconductors,True
AES,AES Corporation,Utilities,Independent Power Producers & Energy Traders,True
AFL,Aflac,Financials,Life & Health Insurance,True
A,Agilent Technologies,Health Care,Life Sciences Tools & Services,True
APD,Air Products,Materials,Industrial Gases,True
ABNB,Airbnb,Consumer Discretionary,"Hotels, Resorts & Cruise Lines",True
AKAM,Akamai Technologies,Information Technology,Internet Services & Infrastructure,True
ALB,Albemarle Corporation,Materials,Specialty Chemicals,True
ARE,Alexandria Real Estate Equities,Real Estate,Office REITs,True
ALGN,Align Technology,Health Care,Health Care Supplies,True
ALLE,Allegion,Industrials,Building Products,True
LNT,Alliant Energy,Utilities,Electric Utilities,True
ALL,Allstate,Financials,Property & Casualty Insurance,True
GOOGL,Alphabet Inc. (Class A),Communication Services,Interactive Media & Services,True
GOOG,Alphabet Inc. (Class C),Communication Services,Interactive Media & Services,True
MO,Altria,Consumer Staples,Tobacco,True
AMZN,Amazon,Consumer Discretionary,Broadline Retail,True
AMCR,Amcor,Materials,Paper & Plastic Packaging Products & Materials,True
AEE,Ameren,Utilities,Multi-Utilities,True
AEP,American Electric Power,Utilities,Electric Utilities,True
AXP,American Express,Financials,Consumer Finance,True
AIG,American International Group,Financials,Multi-line Insurance,True
AMT,American Tower,Real Estate,Telecom Tower REITs,True
AWK,American Water Works,Utilities,Water Utilities,True
AMP,Ameriprise Financial,Financials,Asset Management & Custody Banks,True
AME,Ametek,Industrials,Electrical Components & Equipment,True
AMGN,Amgen,Health Care,Biotechnology,True
APH,Amphenol,Information Technology,Electronic Components,True
ADI,Analog Devices,Information Technology,Semiconductors,True
AON,Aon plc,Financials,Insurance Brokers,True
APA,APA Corporation,Energy,Oil & Gas Exploration & Production,True
APO,Apollo Global Management,Financials,Asset Management & Custody Banks,True
AAPL,Apple Inc.,Information Technology,"Technology Hardware, Storage & Peripherals",True
AMAT,Applied Materials,Information Technology,Semiconductor Materials & Equipment,True
APP,AppLovin,Communication Services,Advertising,True
APTV,Aptiv,Consumer Discretionary,Automotive Parts & Equipment,True
ACGL,Arch Capital Group,Financials,Property & Casualty Insurance,True
ADM,Archer Daniels Midland,Consumer Staples,Agricultural Products & Services,True
ARES,Ares Management,Financials,Asset Management & Custody Banks,True
ANET,Arista Networks,Information Technology,Communications Equipment,True
AJG,Arthur J. Gallagher & Co.,Financials,Insurance Brokers,True
AIZ,Assurant,Financials,Multi-line Insurance,True
T,AT&T,Communication Services,Integrated Telecommunication Services,True
ATO,Atmos Energy,Utilities,Gas Utilities,True
ADSK,Autodesk,Information Technology,Application Software,True
ADP,Automatic Data Processing,Industrials,Human Resource & Employment Services,True
AZO,AutoZone,Consumer Discretionary,Automotive Retail,True
AVY,Avery Dennison,Materials,Paper & Plastic Packaging Products & Materials,True
AXON,Axon Enterprise,Industrials,Aerospace & Defense,True
BKR,Baker Hughes,Energy,Oil & Gas Equipment & Services,True
BALL,Ball Corporation,Materials,"Metal, Glass & Plastic Containers",True
BAC,Bank of America,Financials,Diversified Banks,True
BAX,Baxter International,Health Care,Health Care Equipment,True
BDX,Becton Dickinson,Health Care,Health Care Equipment,True
BRK-B,Berkshire Hathaway,Financials,Multi-Sector Holdings,True
BBY,Best Buy,Consumer Discretionary,Computer & Electronics Retail,True
TECH,Bio-Techne,Health Care,Life Sciences Tools & Services,True
BIIB,Biogen,Health Care,Biotechnology,True
BLK,BlackRock,Financials,Asset Management & Custody Banks,True
BX,Blackstone Inc.,Financials,Asset Management & Custody Banks,True
XYZ,"Block, Inc.",Financials,Transaction & Payment Processing Services,True
BE,Bloom Energy,Industrials,Electrical Components & Equipment,True
BNY,BNY Mellon,Financials,Asset Management & Custody Banks,True
BA,Boeing,Industrials,Aerospace & Defense,True
BKNG,Booking Holdings,Consumer Discretionary,"Hotels, Resorts & Cruise Lines",True
BSX,Boston Scientific,Health Care,Health Care Equipment,True
BMY,Bristol Myers Squibb,Health Care,Pharmaceuticals,True
AVGO,Broadcom,Information Technology,Semiconductors,True
BR,Broadridge Financial Solutions,Industrials,Data Processing & Outsourced Services,True
BRO,Brown & Brown,Financials,Insurance Brokers,True
BF-B,Brown–Forman,Consumer Staples,Distillers & Vintners,True
BG,Bunge Global,Consumer Staples,Agricultural Products & Services,True
BXP,"BXP, Inc.",Real Estate,Office REITs,True
CHRW,C.H. Robinson,Industrials,Air Freight & Logistics,True
CDNS,Cadence Design Systems,Information Technology,Application Software,True
CPT,Camden Property Trust,Real Estate,Multi-Family Residential REITs,True
COF,Capital One,Financials,Consumer Finance,True
CAH,Cardinal Health,Health Care,Health Care Distributors,True
CCL,Carnival Corporation,Consumer Discretionary,"Hotels, Resorts & Cruise Lines",True
CARR,Carrier Global,Industrials,Building Products,True
CVNA,Carvana,Consumer Discretionary,Automotive Retail,True
CASY,Casey's,Consumer Staples,Food Retail,True
CAT,Caterpillar Inc.,Industrials,Construction Machinery & Heavy Transportation Equipment,True
CBOE,Cboe Global Markets,Financials,Financial Exchanges & Data,True
CBRE,CBRE Group,Real Estate,Real Estate Services,True
CDW,CDW Corporation,Information Technology,Technology Distributors,True
COR,Cencora,Health Care,Health Care Distributors,True
CNC,Centene Corporation,Health Care,Managed Health Care,True
CNP,CenterPoint Energy,Utilities,Multi-Utilities,True
CF,CF Industries,Materials,Fertilizers & Agricultural Chemicals,True
CRL,Charles River Laboratories,Health Care,Life Sciences Tools & Services,True
SCHW,Charles Schwab Corporation,Financials,Investment Banking & Brokerage,True
CHTR,Charter Communications,Communication Services,Cable & Satellite,True
CVX,Chevron Corporation,Energy,Integrated Oil & Gas,True
CMG,Chipotle Mexican Grill,Consumer Discretionary,Restaurants,True
CB,Chubb Limited,Financials,Property & Casualty Insurance,True
CHD,Church & Dwight,Consumer Staples,Household Products,True
CIEN,Ciena,Information Technology,Communications Equipment,True
CI,Cigna,Health Care,Health Care Services,True
CINF,Cincinnati Financial,Financials,Property & Casualty Insurance,True
CTAS,Cintas,Industrials,Diversified Support Services,True
CSCO,Cisco,Information Technology,Communications Equipment,True
C,Citigroup,Financials,Diversified Banks,True
CFG,Citizens Financial Group,Financials,Regional Banks,True
CLX,Clorox,Consumer Staples,Household Products,True
CME,CME Group,Financials,Financial Exchanges & Data,True
CMS,CMS Energy,Utilities,Multi-Utilities,True
KO,Coca-Cola Company (The),Consumer Staples,Soft Drinks & Non-alcoholic Beverages,True
CTSH,Cognizant,Information Technology,IT Consulting & Other Services,True
COHR,Coherent Corp.,Information Technology,Electronic Components,True
COIN,Coinbase,Financials,Financial Exchanges & Data,True
CL,Colgate-Palmolive,Consumer Staples,Household Products,True
CMCSA,Comcast,Communication Services,Cable & Satellite,True
FIX,Comfort Systems USA,Industrials,Construction & Engineering,True
COP,ConocoPhillips,Energy,Oil & Gas Exploration & Production,True
ED,Consolidated Edison,Utilities,Multi-Utilities,True
STZ,Constellation Brands,Consumer Staples,Distillers & Vintners,True
CEG,Constellation Energy,Utilities,Electric Utilities,True
COO,Cooper Companies (The),Health Care,Health Care Supplies,True
CPRT,Copart,Industrials,Diversified Support Services,True
GLW,Corning Inc.,Information Technology,Electronic Components,True
CPAY,Corpay,Financials,Transaction & Payment Processing Services,True
CTVA,Corteva,Materials,Fertilizers & Agricultural Chemicals,True
CSGP,CoStar Group,Real Estate,Real Estate Services,True
COST,Costco,Consumer Staples,Consumer Staples Merchandise Retail,True
CRH,CRH plc,Materials,Construction Materials,True
CRWD,CrowdStrike,Information Technology,Systems Software,True
CCI,Crown Castle,Real Estate,Telecom Tower REITs,True
CSX,CSX Corporation,Industrials,Rail Transportation,True
CMI,Cummins,Industrials,Construction Machinery & Heavy Transportation Equipment,True
CVS,CVS Health,Health Care,Health Care Services,True
DHR,Danaher Corporation,Health Care,Life Sciences Tools & Services,True
DRI,Darden Restaurants,Consumer Discretionary,Restaurants,True
DDOG,Datadog,Information Technology,Application Software,True
DVA,DaVita,Health Care,Health Care Services,True
DECK,Deckers Brands,Consumer Discretionary,Footwear,True
DE,Deere & Company,Industrials,Agricultural & Farm Machinery,True
DELL,Dell Technologies,Information Technology,"Technology Hardware, Storage & Peripherals",True
DAL,Delta Air Lines,Industrials,Passenger Airlines,True
DVN,Devon Energy,Energy,Oil & Gas Exploration & Production,True
DXCM,Dexcom,Health Care,Health Care Equipment,True
FANG,Diamondback Energy,Energy,Oil & Gas Exploration & Production,True
DLR,Digital Realty,Real Estate,Data Center REITs,True
DG,Dollar General,Consumer Staples,Consumer Staples Merchandise Retail,True
DLTR,Dollar Tree,Consumer Staples,Consumer Staples Merchandise Retail,True
D,Dominion Energy,Utilities,Multi-Utilities,True
DPZ,Domino's,Consumer Discretionary,Restaurants,True
DASH,DoorDash,Consumer Discretionary,Specialized Consumer Services,True
DOV,Dover Corporation,Industrials,Industrial Machinery & Supplies & Components,True
DOW,Dow Inc.,Materials,Commodity Chemicals,True
DHI,D. R. Horton,Consumer Discretionary,Homebuilding,True
DTE,DTE Energy,Utilities,Multi-Utilities,True
DUK,Duke Energy,Utilities,Electric Utilities,True
DD,DuPont,Industrials,Industrial Conglomerates,True
ETN,Eaton Corporation,Industrials,Electrical Components & Equipment,True
EBAY,eBay Inc.,Consumer Discretionary,Broadline Retail,True
ECHO,EchoStar,Communication Services,Wireless Telecommunication Services,True
ECL,Ecolab,Materials,Specialty Chemicals,True
EIX,Edison International,Utilities,Electric Utilities,True
EW,Edwards Lifesciences,Health Care,Health Care Equipment,True
ELV,Elevance Health,Health Care,Managed Health Care,True
EME,Emcor,Industrials,Construction & Engineering,True
EMR,Emerson Electric,Industrials,Electrical Components & Equipment,True
ETR,Entergy,Utilities,Electric Utilities,True
EOG,EOG Resources,Energy,Oil & Gas Exploration & Production,True
EQT,EQT Corporation,Energy,Oil & Gas Exploration & Production,True
EFX,Equifax,Industrials,Research & Consulting Services,True
EQIX,Equinix,Real Estate,Data Center REITs,True
ERIE,Erie Indemnity,Financials,Insurance Brokers,True
ESS,Essex Property Trust,Real Estate,Multi-Family Residential REITs,True
EL,Estée Lauder Companies (The),Consumer Staples,Personal Care Products,True
EG,Everest Group,Financials,Reinsurance,True
EVRG,Evergy,Utilities,Electric Utilities,True
P,Everpure,Information Technology,"Technology Hardware, Storage & Peripherals",True
ES,Eversource Energy,Utilities,Electric Utilities,True
EXC,Exelon,Utilities,Electric Utilities,True
EXE,Expand Energy,Energy,Oil & Gas Exploration & Production,True
EXPE,Expedia Group,Consumer Discretionary,"Hotels, Resorts & Cruise Lines",True
EXPD,Expeditors International,Industrials,Air Freight & Logistics,True
EXR,Extra Space Storage,Real Estate,Self-Storage REITs,True
XOM,ExxonMobil,Energy,Integrated Oil & Gas,True
FFIV,"F5, Inc.",Information Technology,Communications Equipment,True
FDS,FactSet,Financials,Financial Exchanges & Data,True
FICO,Fair Isaac,Information Technology,Application Software,True
FAST,Fastenal,Industrials,Trading Companies & Distributors,True
FRT,Federal Realty Investment Trust,Real Estate,Retail REITs,True
FDX,FedEx,Industrials,Air Freight & Logistics,True
FDXF,FedEx Freight,Industrials,Cargo Ground Transportation,True
FERG,Ferguson Enterprises,Industrials,Trading Companies & Distributors,True
FIS,Fidelity National Information Services,Financials,Transaction & Payment Processing Services,True
FITB,Fifth Third Bancorp,Financials,Regional Banks,True
FSLR,First Solar,Information Technology,Semiconductors,True
FE,FirstEnergy,Utilities,Electric Utilities,True
FISV,Fiserv,Financials,Transaction & Payment Processing Services,True
FLEX,Flex Ltd.,Information Technology,Electronic Manufacturing Services,True
F,Ford Motor Company,Consumer Discretionary,Automobile Manufacturers,True
FTNT,Fortinet,Information Technology,Systems Software,True
FTV,Fortive,Industrials,Industrial Machinery & Supplies & Components,True
FOXA,Fox Corporation (Class A),Communication Services,Broadcasting,True
FOX,Fox Corporation (Class B),Communication Services,Broadcasting,True
BEN,Franklin Resources,Financials,Asset Management & Custody Banks,True
FCX,Freeport-McMoRan,Materials,Copper,True
GRMN,Garmin,Consumer Discretionary,Consumer Electronics,True
IT,Gartner,Information Technology,IT Consulting & Other Services,True
GE,GE Aerospace,Industrials,Aerospace & Defense,True
GEHC,GE HealthCare,Health Care,Health Care Equipment,True
GEV,GE Vernova,Industrials,Heavy Electrical Equipment,True
GEN,Gen Digital,Information Technology,Systems Software,True
GNRC,Generac,Industrials,Heavy Electrical Equipment,True
GD,General Dynamics,Industrials,Aerospace & Defense,True
GIS,General Mills,Consumer Staples,Packaged Foods & Meats,True
GM,General Motors,Consumer Discretionary,Automobile Manufacturers,True
GPC,Genuine Parts Company,Consumer Discretionary,Distributors,True
GILD,Gilead Sciences,Health Care,Biotechnology,True
GPN,Global Payments,Financials,Transaction & Payment Processing Services,True
GL,Globe Life,Financials,Life & Health Insurance,True
GDDY,GoDaddy,Information Technology,Internet Services & Infrastructure,True
GS,Goldman Sachs,Financials,Investment Banking & Brokerage,True
HAL,Halliburton,Energy,Oil & Gas Equipment & Services,True
HIG,Hartford (The),Financials,Property & Casualty Insurance,True
HAS,Hasbro,Consumer Discretionary,Leisure Products,True
HCA,HCA Healthcare,Health Care,Health Care Facilities,True
DOC,Healthpeak Properties,Real Estate,Health Care REITs,True
HSIC,Henry Schein,Health Care,Health Care Distributors,True
HSY,Hershey Company (The),Consumer Staples,Packaged Foods & Meats,True
HPE,Hewlett Packard Enterprise,Information Technology,"Technology Hardware, Storage & Peripherals",True
HLT,Hilton Worldwide,Consumer Discretionary,"Hotels, Resorts & Cruise Lines",True
HD,Home Depot (The),Consumer Discretionary,Home Improvement Retail,True
HONA,Honeywell Aerospace,Industrials,Aerospace & Defense,True
HON,Honeywell Technologies,Industrials,Industrial Conglomerates,True
HRL,Hormel Foods,Consumer Staples,Packaged Foods & Meats,True
HST,Host Hotels & Resorts,Real Estate,Hotel & Resort REITs,True
HWM,Howmet Aerospace,Industrials,Aerospace & Defense,True
HPQ,HP Inc.,Information Technology,"Technology Hardware, Storage & Peripherals",True
HUBB,Hubbell Incorporated,Industrials,Industrial Machinery & Supplies & Components,True
HUM,Humana,Health Care,Managed Health Care,True
HBAN,Huntington Bancshares,Financials,Regional Banks,True
HII,Huntington Ingalls Industries,Industrials,Aerospace & Defense,True
IBM,IBM,Information Technology,IT Consulting & Other Services,True
IEX,IDEX Corporation,Industrials,Industrial Machinery & Supplies & Components,True
IDXX,Idexx Laboratories,Health Care,Health Care Equipment,True
ITW,Illinois Tool Works,Industrials,Industrial Machinery & Supplies & Components,True
ILMN,"Illumina, Inc.",Health Care,Life Sciences Tools & Services,True
INCY,Incyte,Health Care,Biotechnology,True
IR,Ingersoll Rand,Industrials,Industrial Machinery & Supplies & Components,True
PODD,Insulet Corporation,Health Care,Health Care Equipment,True
INTC,Intel,Information Technology,Semiconductors,True
IBKR,Interactive Brokers,Financials,Investment Banking & Brokerage,True
ICE,Intercontinental Exchange,Financials,Financial Exchanges & Data,True
IFF,International Flavors & Fragrances,Materials,Specialty Chemicals,True
IP,International Paper,Materials,Paper & Plastic Packaging Products & Materials,True
INTU,Intuit,Information Technology,Application Software,True
ISRG,Intuitive Surgical,Health Care,Health Care Equipment,True
IVZ,Invesco,Financials,Asset Management & Custody Banks,True
INVH,Invitation Homes,Real Estate,Single-Family Residential REITs,True
IQV,IQVIA,Health Care,Life Sciences Tools & Services,True
IRM,Iron Mountain,Real Estate,Other Specialized REITs,True
JBHT,J.B. Hunt,Industrials,Cargo Ground Transportation,True
JBL,Jabil,Information Technology,Electronic Manufacturing Services,True
JKHY,Jack Henry & Associates,Financials,Transaction & Payment Processing Services,True
J,Jacobs Solutions,Industrials,Construction & Engineering,True
JNJ,Johnson & Johnson,Health Care,Pharmaceuticals,True
JCI,Johnson Controls,Industrials,Building Products,True
JPM,JPMorgan Chase,Financials,Diversified Banks,True
KVUE,Kenvue,Consumer Staples,Personal Care Products,True
KDP,Keurig Dr Pepper,Consumer Staples,Soft Drinks & Non-alcoholic Beverages,True
KEY,KeyCorp,Financials,Regional Banks,True
KEYS,Keysight Technologies,Information Technology,Electronic Equipment & Instruments,True
KMB,Kimberly-Clark,Consumer Staples,Household Products,True
KIM,Kimco Realty,Real Estate,Retail REITs,True
KMI,Kinder Morgan,Energy,Oil & Gas Storage & Transportation,True
KKR,KKR & Co.,Financials,Asset Management & Custody Banks,True
KLAC,KLA Corporation,Information Technology,Semiconductor Materials & Equipment,True
KHC,Kraft Heinz,Consumer Staples,Packaged Foods & Meats,True
KR,Kroger,Consumer Staples,Food Retail,True
LHX,L3Harris,Industrials,Aerospace & Defense,True
LH,Labcorp,Health Care,Health Care Services,True
LRCX,Lam Research,Information Technology,Semiconductor Materials & Equipment,True
LVS,Las Vegas Sands,Consumer Discretionary,Casinos & Gaming,True
LDOS,Leidos,Industrials,Diversified Support Services,True
LEN,Lennar,Consumer Discretionary,Homebuilding,True
LII,Lennox International,Industrials,Building Products,True
LLY,Lilly (Eli),Health Care,Pharmaceuticals,True
LIN,Linde plc,Materials,Industrial Gases,True
LYV,Live Nation Entertainment,Communication Services,Movies & Entertainment,True
LMT,Lockheed Martin,Industrials,Aerospace & Defense,True
L,Loews Corporation,Financials,Multi-line Insurance,True
LOW,Lowe's,Consumer Discretionary,Home Improvement Retail,True
LULU,Lululemon Athletica,Consumer Discretionary,"Apparel, Accessories & Luxury Goods",True
LITE,Lumentum,Information Technology,Communications Equipment,True
LYB,LyondellBasell,Materials,Specialty Chemicals,True
MTB,M&T Bank,Financials,Regional Banks,True
MPC,Marathon Petroleum,Energy,Oil & Gas Refining & Marketing,True
MAR,Marriott International,Consumer Discretionary,"Hotels, Resorts & Cruise Lines",True
MRSH,Marsh McLennan,Financials,Insurance Brokers,True
MLM,Martin Marietta Materials,Materials,Construction Materials,True
MRVL,Marvell Technology,Information Technology,Semiconductors,True
MAS,Masco,Industrials,Building Products,True
MA,Mastercard,Financials,Transaction & Payment Processing Services,True
MKC,McCormick & Company,Consumer Staples,Packaged Foods & Meats,True
MCD,McDonald's,Consumer Discretionary,Restaurants,True
MCK,McKesson Corporation,Health Care,Health Care Distributors,True
MDT,Medtronic,Health Care,Health Care Equipment,True
MRK,Merck & Co.,Health Care,Pharmaceuticals,True
META,Meta Platforms,Communication Services,Interactive Media & Services,True
MET,MetLife,Financials,Life & Health Insurance,True
MTD,Mettler Toledo,Health Care,Life Sciences Tools & Services,True
MGM,MGM Resorts,Consumer Discretionary,Casinos & Gaming,True
MCHP,Microchip Technology,Information Technology,Semiconductors,True
MU,Micron Technology,Information Technology,Semiconductors,True
MSFT,Microsoft,Information Technology,Systems Software,True
MAA,Mid-America Apartment Communities,Real Estate,Multi-Family Residential REITs,True
MRNA,Moderna,Health Care,Biotechnology,True
MDLZ,Mondelez International,Consumer Staples,Packaged Foods & Meats,True
MPWR,Monolithic Power Systems,Information Technology,Semiconductors,True
MNST,Monster Beverage,Consumer Staples,Soft Drinks & Non-alcoholic Beverages,True
MCO,Moody's Corporation,Financials,Financial Exchanges & Data,True
MS,Morgan Stanley,Financials,Investment Banking & Brokerage,True
MOS,Mosaic Company (The),Materials,Fertilizers & Agricultural Chemicals,True
MSI,Motorola Solutions,Information Technology,Communications Equipment,True
MSCI,MSCI,Financials,Financial Exchanges & Data,True
NDAQ,"Nasdaq, Inc.",Financials,Financial Exchanges & Data,True
NTAP,NetApp,Information Technology,"Technology Hardware, Storage & Peripherals",True
NFLX,Netflix,Communication Services,Movies & Entertainment,True
NEM,Newmont,Materials,Gold,True
NWSA,News Corp (Class A),Communication Services,Publishing,True
NWS,News Corp (Class B),Communication Services,Publishing,True
NEE,NextEra Energy,Utilities,Multi-Utilities,True
NKE,"Nike, Inc.",Consumer Discretionary,"Apparel, Accessories & Luxury Goods",True
NI,NiSource,Utilities,Multi-Utilities,True
NDSN,Nordson Corporation,Industrials,Industrial Machinery & Supplies & Components,True
NSC,Norfolk Southern,Industrials,Rail Transportation,True
NTRS,Northern Trust,Financials,Asset Management & Custody Banks,True
NOC,Northrop Grumman,Industrials,Aerospace & Defense,True
NCLH,Norwegian Cruise Line Holdings,Consumer Discretionary,"Hotels, Resorts & Cruise Lines",True
NRG,NRG Energy,Utilities,Independent Power Producers & Energy Traders,True
NUE,Nucor,Materials,Steel,True
NVDA,Nvidia,Information Technology,Semiconductors,True
NVR,"NVR, Inc.",Consumer Discretionary,Homebuilding,True
NXPI,NXP Semiconductors,Information Technology,Semiconductors,True
ORLY,O'Reilly Automotive,Consumer Discretionary,Automotive Retail,True
OXY,Occidental Petroleum,Energy,Oil & Gas Exploration & Production,True
ODFL,Old Dominion,Industrials,Cargo Ground Transportation,True
OMC,Omnicom Group,Communication Services,Advertising,True
ON,ON Semiconductor,Information Technology,Semiconductors,True
OKE,Oneok,Energy,Oil & Gas Storage & Transportation,True
ORCL,Oracle Corporation,Information Technology,Application Software,True
OTIS,Otis Worldwide,Industrials,Industrial Machinery & Supplies & Components,True
PCAR,Paccar,Industrials,Construction Machinery & Heavy Transportation Equipment,True
PKG,Packaging Corporation of America,Materials,Paper & Plastic Packaging Products & Materials,True
PLTR,Palantir Technologies,Information Technology,Application Software,True
PANW,Palo Alto Networks,Information Technology,Systems Software,True
PSKY,Paramount Skydance Corporation,Communication Services,Movies & Entertainment,True
PH,Parker Hannifin,Industrials,Industrial Machinery & Supplies & Components,True
PAYX,Paychex,Industrials,Human Resource & Employment Services,True
PYPL,PayPal,Financials,Transaction & Payment Processing Services,True
PNR,Pentair,Industrials,Industrial Machinery & Supplies & Components,True
PEP,PepsiCo,Consumer Staples,Soft Drinks & Non-alcoholic Beverages,True
PFE,Pfizer,Health Care,Pharmaceuticals,True
PCG,PG&E Corporation,Utilities,Multi-Utilities,True
PM,Philip Morris International,Consumer Staples,Tobacco,True
PSX,Phillips 66,Energy,Oil & Gas Refining & Marketing,True
PNW,Pinnacle West Capital,Utilities,Multi-Utilities,True
PNC,PNC Financial Services,Financials,Diversified Banks,True
PPG,PPG Industries,Materials,Specialty Chemicals,True
PPL,PPL Corporation,Utilities,Electric Utilities,True
PFG,Principal Financial Group,Financials,Life & Health Insurance,True
PG,Procter & Gamble,Consumer Staples,Personal Care Products,True
PGR,Progressive Corporation,Financials,Property & Casualty Insurance,True
PLD,Prologis,Real Estate,Industrial REITs,True
PRU,Prudential Financial,Financials,Life & Health Insurance,True
PEG,Public Service Enterprise Group,Utilities,Electric Utilities,True
PTC,PTC Inc.,Information Technology,Application Software,True
PSA,Public Storage,Real Estate,Self-Storage REITs,True
PHM,PulteGroup,Consumer Discretionary,Homebuilding,True
PWR,Quanta Services,Industrials,Construction & Engineering,True
QCOM,Qualcomm,Information Technology,Semiconductors,True
DGX,Quest Diagnostics,Health Care,Health Care Services,True
Q,Qnity Electronics,Information Technology,Semiconductor Materials & Equipment,True
RL,Ralph Lauren Corporation,Consumer Discretionary,"Apparel, Accessories & Luxury Goods",True
RJF,Raymond James Financial,Financials,Investment Banking & Brokerage,True
RDDT,Reddit,Communication Services,Interactive Media & Services,True
RTX,RTX Corporation,Industrials,Aerospace & Defense,True
O,Realty Income,Real Estate,Retail REITs,True
REG,Regency Centers,Real Estate,Retail REITs,True
REGN,Regeneron Pharmaceuticals,Health Care,Biotechnology,True
RF,Regions Financial Corporation,Financials,Regional Banks,True
RSG,Republic Services,Industrials,Environmental & Facilities Services,True
RMD,ResMed|,Health Care,Health Care Equipment,True
RVTY,Revvity,Health Care,Health Care Equipment,True
HOOD,Robinhood Markets,Financials,Investment Banking & Brokerage,True
ROK,Rockwell Automation,Industrials,Electrical Components & Equipment,True
ROL,"Rollins, Inc.",Industrials,Environmental & Facilities Services,True
ROP,Roper Technologies,Information Technology,Electronic Equipment & Instruments,True
ROST,Ross Stores,Consumer Discretionary,Apparel Retail,True
RCL,Royal Caribbean Group,Consumer Discretionary,"Hotels, Resorts & Cruise Lines",True
SPGI,S&P Global,Financials,Financial Exchanges & Data,True
CRM,Salesforce,Information Technology,Application Software,True
SNDK,Sandisk,Information Technology,"Technology Hardware, Storage & Peripherals",True
SBAC,SBA Communications,Real Estate,Telecom Tower REITs,True
SLB,Schlumberger,Energy,Oil & Gas Equipment & Services,True
STX,Seagate Technology,Information Technology,"Technology Hardware, Storage & Peripherals",True
SRE,Sempra,Utilities,Multi-Utilities,True
NOW,ServiceNow,Information Technology,Systems Software,True
SHW,Sherwin-Williams,Materials,Specialty Chemicals,True
SPG,Simon Property Group,Real Estate,Retail REITs,True
SWKS,Skyworks Solutions,Information Technology,Semiconductors,True
SJM,J.M. Smucker Company (The),Consumer Staples,Packaged Foods & Meats,True
SW,Smurfit Westrock,Materials,Paper & Plastic Packaging Products & Materials,True
SNA,Snap-on,Industrials,Industrial Machinery & Supplies & Components,True
SOLV,Solventum,Health Care,Health Care Technology,True
SO,Southern Company,Utilities,Electric Utilities,True
LUV,Southwest Airlines,Industrials,Passenger Airlines,True
SWK,Stanley Black & Decker,Industrials,Industrial Machinery & Supplies & Components,True
SBUX,Starbucks,Consumer Discretionary,Restaurants,True
STT,State Street Corporation,Financials,Asset Management & Custody Banks,True
STLD,Steel Dynamics,Materials,Steel,True
STE,Steris,Health Care,Health Care Equipment,True
SYK,Stryker Corporation,Health Care,Health Care Equipment,True
SMCI,Supermicro,Information Technology,"Technology Hardware, Storage & Peripherals",True
SYF,Synchrony Financial,Financials,Consumer Finance,True
SNPS,Synopsys,Information Technology,Application Software,True
SYY,Sysco,Consumer Staples,Food Distributors,True
TMUS,T-Mobile US,Communication Services,Wireless Telecommunication Services,True
TROW,T. Rowe Price,Financials,Asset Management & Custody Banks,True
TTWO,Take-Two Interactive,Communication Services,Interactive Home Entertainment,True
TPR,"Tapestry, Inc.",Consumer Discretionary,"Apparel, Accessories & Luxury Goods",True
TRGP,Targa Resources,Energy,Oil & Gas Storage & Transportation,True
TGT,Target Corporation,Consumer Staples,Consumer Staples Merchandise Retail,True
TEL,TE Connectivity,Information Technology,Electronic Manufacturing Services,True
TDY,Teledyne Technologies,Information Technology,Electronic Equipment & Instruments,True
TER,Teradyne,Information Technology,Semiconductor Materials & Equipment,True
TSLA,"Tesla, Inc.",Consumer Discretionary,Automobile Manufacturers,True
TXN,Texas Instruments,Information Technology,Semiconductors,True
TPL,Texas Pacific Land Corporation,Energy,Oil & Gas Exploration & Production,True
TXT,Textron,Industrials,Aerospace & Defense,True
TMO,Thermo Fisher Scientific,Health Care,Life Sciences Tools & Services,True
TJX,TJX Companies,Consumer Discretionary,Apparel Retail,True
TKO,TKO Group Holdings,Communication Services,Movies & Entertainment,True
TSCO,Tractor Supply,Consumer Discretionary,Other Specialty Retail,True
TT,Trane Technologies,Industrials,Building Products,True
TDG,TransDigm Group,Industrials,Aerospace & Defense,True
TRV,Travelers Companies (The),Financials,Property & Casualty Insurance,True
TRMB,Trimble Inc.,Information Technology,Application Software,True
TFC,Truist Financial,Financials,Diversified Banks,True
TYL,Tyler Technologies,Information Technology,Application Software,True
TSN,Tyson Foods,Consumer Staples,Packaged Foods & Meats,True
USB,U.S. Bancorp,Financials,Diversified Banks,True
UBER,Uber,Industrials,Passenger Ground Transportation,True
UDR,"UDR, Inc.",Real Estate,Multi-Family Residential REITs,True
ULTA,Ulta Beauty,Consumer Discretionary,Other Specialty Retail,True
UNP,Union Pacific Corporation,Industrials,Rail Transportation,True
UAL,United Airlines Holdings,Industrials,Passenger Airlines,True
UPS,United Parcel Service,Industrials,Air Freight & Logistics,True
URI,United Rentals,Industrials,Trading Companies & Distributors,True
UNH,UnitedHealth Group,Health Care,Managed Health Care,True
UHS,Universal Health Services,Health Care,Health Care Facilities,True
VLO,Valero Energy,Energy,Oil & Gas Refining & Marketing,True
VEEV,Veeva Systems,Health Care,Health Care Technology,True
VTR,Ventas,Real Estate,Health Care REITs,True
VLTO,Veralto,Industrials,Environmental & Facilities Services,True
VRSN,Verisign,Information Technology,Internet Services & Infrastructure,True
VRSK,Verisk Analytics,Industrials,Research & Consulting Services,True
VZ,Verizon,Communication Services,Integrated Telecommunication Services,True
VRTX,Vertex Pharmaceuticals,Health Care,Biotechnology,True
VRT,Vertiv,Industrials,Electrical Components & Equipment,True
VTRS,Viatris,Health Care,Pharmaceuticals,True
VICI,Vici Properties,Real Estate,Hotel & Resort REITs,True
V,Visa Inc.,Financials,Transaction & Payment Processing Services,True
VST,Vistra Corp.,Utilities,Electric Utilities,True
VMRK,Vivmark Residential,Real Estate,Multi-Family Residential REITs,True
VMC,Vulcan Materials Company,Materials,Construction Materials,True
WRB,W. R. Berkley Corporation,Financials,Property & Casualty Insurance,True
GWW,W. W. Grainger,Industrials,Industrial Machinery & Supplies & Components,True
WAB,Wabtec,Industrials,Construction Machinery & Heavy Transportation Equipment,True
WMT,Walmart,Consumer Staples,Consumer Staples Merchandise Retail,True
DIS,Walt Disney Company (The),Communication Services,Movies & Entertainment,True
WBD,Warner Bros. Discovery,Communication Services,Broadcasting,True
WM,Waste Management,Industrials,Environmental & Facilities Services,True
WAT,Waters Corporation,Health Care,Life Sciences Tools & Services,True
WEC,WEC Energy Group,Utilities,Electric Utilities,True
WFC,Wells Fargo,Financials,Diversified Banks,True
WELL,Welltower,Real Estate,Health Care REITs,True
WST,West Pharmaceutical Services,Health Care,Health Care Supplies,True
WDC,Western Digital,Information Technology,"Technology Hardware, Storage & Peripherals",True
WY,Weyerhaeuser,Real Estate,Timber REITs,True
WSM,"Williams-Sonoma, Inc.",Consumer Discretionary,Homefurnishing Retail,True
WMB,Williams Companies,Energy,Oil & Gas Storage & Transportation,True
WTW,Willis Towers Watson,Financials,Insurance Brokers,True
WDAY,"Workday, Inc.",Information Technology,Application Software,True
WYNN,Wynn Resorts,Consumer Discretionary,Casinos & Gaming,True
XEL,Xcel Energy,Utilities,Multi-Utilities,True
XYL,Xylem Inc.,Industrials,Industrial Machinery & Supplies & Components,True
YUM,Yum! Brands,Consumer Discretionary,Restaurants,True
ZBRA,Zebra Technologies,Information Technology,Electronic Equipment & Instruments,True
ZBH,Zimmer Biomet,Health Care,Health Care Equipment,True
ZTS,Zoetis,Health Care,Pharmaceuticals,True
TSM,Taiwan Semiconductor (ADR),Information Technology,Semiconductors,False
ASML,ASML Holding (ADR),Information Technology,Semiconductor Materials & Equipment,False
NVO,Novo Nordisk (ADR),Health Care,Pharmaceuticals,False
SAP,SAP (ADR),Information Technology,Application Software,False
BABA,Alibaba (ADR),Consumer Discretionary,Broadline Retail,False
TM,Toyota Motor (ADR),Consumer Discretionary,Automobile Manufacturers,False
