date,account_value,turnover
2020-10-27,1000000.0,
2020-10-28,997545.8192389936,0.06175426437973149
2020-10-29,997681.424387748,0.07207198947460879
2020-10-30,995406.4358414005,0.1109064024755608
2020-11-02,997915.2278879982,0.07415007601033392
2020-11-03,1003999.5409487211,0.08768701560105494
2020-11-04,1017241.6606500275,0.10165131910304502
2020-11-05,1024574.1364452841,0.10555888188592354
2020-11-06,1026981.6445804496,0.1202150942469572
2020-11-09,1017130.8969365049,0.10749713000600292
2020-11-10,1008648.5832856401,0.11949007701672937
2020-11-11,1020345.1371104117,0.11722215692974568
2020-11-12,1015809.4940683232,0.11777303082567031
2020-11-13,1024944.9784050469,0.11440296495390054
2020-11-16,1028460.1764957058,0.020633114553097125
2020-11-17,1023443.2312250419,0.019378821682639682
2020-11-18,1002176.3995724357,0.01996183512730062
2020-11-19,1004554.2953230889,0.025774693657764778
2020-11-20,997086.1365886352,0.025326409187721763
2020-11-23,998478.2596623624,0.021202797582484535
2020-11-24,1005754.5329671083,0.013710532053040049
2020-11-25,1003249.2784393283,0.021227149105282485
2020-11-27,1007597.4832069348,0.009869971292441155
2020-11-30,1010134.4196543546,0.010398773191681003
2020-12-01,1019884.342998936,0.017661272321973235
2020-12-02,1019140.6344819493,0.0055305747341702115
2020-12-03,1014175.4347359419,0.0020967596860329133
2020-12-04,1020495.0509881221,0.01397835342756008
2020-12-07,1019049.5891291001,0.011571715083788785
2020-12-08,1019913.9633725064,0.010142918596378487
2020-12-09,1008141.4112341565,0.002150947397494237
2020-12-10,1010442.4325136705,0.008396031768732926
2020-12-11,1014369.0412820094,0.004983955552651797
2020-12-14,1007764.9071870549,0.00940307416870368
2020-12-15,1017673.7355174148,0.024691468594851683
2020-12-16,1010829.1286091795,0.01547702827107454
2020-12-17,1021952.7196243536,0.005664605190390849
2020-12-18,1022780.0029067327,0.007888776321477123
2020-12-21,1014524.3816763395,0.003793370690985312
2020-12-22,1013632.2310388973,0.0035237549716844395
2020-12-23,1008448.9616378596,0.0019680059440621194
2020-12-24,1010667.6009421878,0.0009583706623629293
2020-12-28,1021311.6731884566,0.000989746487535555
2020-12-29,1020662.014426977,0.0030581434795554307
2020-12-30,1020420.6750400638,0.008582455089824366
2020-12-31,1028358.5365467911,0.00487042178846447
2021-01-04,1018294.6438497193,0.003450923790623489
2021-01-05,1025296.6809387103,0.004700295205878906
2021-01-06,1028525.2915730263,0.005560433251891615
2021-01-07,1044228.4147849191,0.0034196069211607882
2021-01-08,1055930.826475491,0.0018455052889786874
2021-01-11,1047911.8789858714,0.0027255780817214826
2021-01-12,1036097.8234546393,0.0036792499607785803
2021-01-13,1040772.6175143173,0.0022678965481635104
2021-01-14,1030371.0797842563,0.002202537111426727
2021-01-15,1035546.1837934916,0.0011938979521096001
2021-01-19,1046522.4833385679,0.0004575531325058653
2021-01-20,1064003.254751776,0.0037401669390232073
2021-01-21,1059420.4610065487,0.0011395632527988074
2021-01-22,1057345.0308470074,0.0010890279638145612
2021-01-25,1061336.1424771156,0.0017781531950491663
2021-01-26,1054368.8824144606,0.0020223921708219864
2021-01-27,1019064.9441138643,0.005064735598381658
