time/time_elapsed,time/fps,time/episodes,rollout/ep_rew_mean,rollout/ep_len_mean,time/total_timesteps,train/n_updates,train/critic_loss,train/learning_rate,train/actor_loss
2,428,1,-1.1119751930236816,1000.0,1000,499,0.0019340208964422345,0.000462258900102083,0.04553239792585373
6,290,2,-0.7736799716949463,1000.0,2000,1499,0.003880507778376341,0.000462258900102083,-0.0767730325460434
11,256,3,-0.5883638262748718,1000.0,3000,2499,0.0028023298364132643,0.000462258900102083,-0.27053990960121155
16,245,4,-0.342583030462265,1000.0,4000,3499,0.0021429331973195076,0.000462258900102083,-0.4973998963832855
20,239,5,-0.11651484668254852,1000.0,5000,4499,0.0015760264359414577,0.000462258900102083,-0.7178220748901367
25,234,6,0.0723915696144104,1000.0,6000,5499,0.0031560533680021763,0.000462258900102083,-0.8587958812713623
30,227,7,0.22786864638328552,1000.0,7000,6499,0.0028543518856167793,0.000462258900102083,-0.9542144536972046
35,223,8,0.37436339259147644,1000.0,8000,7499,0.0035615223459899426,0.000462258900102083,-1.1487739086151123
40,220,9,0.508993923664093,1000.0,9000,8499,0.0014108348404988647,0.000462258900102083,-1.242013931274414
45,218,10,0.6249380707740784,1000.0,10000,9499,0.0013940315693616867,0.000462258900102083,-1.3111186027526855
50,217,11,0.7332295775413513,1000.0,11000,10499,0.0020691710524260998,0.000462258900102083,-1.4667818546295166
55,217,12,0.8362451195716858,1000.0,12000,11499,0.002119257813319564,0.000462258900102083,-1.555820107460022
59,218,13,0.9294478893280029,1000.0,13000,12499,0.0018628855468705297,0.000462258900102083,-1.7147998809814453
63,219,14,1.0162755250930786,1000.0,14000,13499,0.0023273848928511143,0.000462258900102083,-1.7894296646118164
68,219,15,1.0959911346435547,1000.0,15000,14499,0.0026344824582338333,0.000462258900102083,-1.8576244115829468
72,219,16,1.1797003746032715,1000.0,16000,15499,0.001124409376643598,0.000462258900102083,-1.83577561378479
78,217,17,1.2597806453704834,1000.0,17000,16499,0.0018535377457737923,0.000462258900102083,-1.9127968549728394
83,215,18,1.334839940071106,1000.0,18000,17499,0.0025846054777503014,0.000462258900102083,-2.1649088859558105
88,213,19,1.4063664674758911,1000.0,19000,18499,0.001844738028012216,0.000462258900102083,-2.1859054565429688
94,211,20,1.4739446640014648,1000.0,20000,19499,0.002464842516928911,0.000462258900102083,-2.3496484756469727
