time/time_elapsed,time/fps,time/iterations,time/total_timesteps,rollout/ep_rew_mean,rollout/ep_len_mean,train/std,train/value_loss,train/approx_kl,train/clip_fraction,train/clip_range,train/policy_gradient_loss,train/loss,train/n_updates,train/entropy_loss,train/explained_variance,train/learning_rate
0,1277,1,512,,,,,,,,,,,,,
0,1047,2,1024,-1.478873372077942,1000.0,0.34318384528160095,0.43356619579717515,44.75052,0.897265625,0.15377025589818102,-0.09704457302577793,-0.08720580488443375,10,-35.3316309928894,-0.34486210346221924,0.0008309322947239253
1,997,3,1536,-1.478873372077942,1000.0,0.343096524477005,0.49839705843478443,227.80736,0.8564453125,0.15377025589818102,-0.09761863721068949,-0.07055407017469406,20,-35.271572303771975,-0.3721431493759155,0.0008309322947239253
2,911,4,2048,-1.3541382551193237,1000.0,0.3428625762462616,0.6308726415038108,188.89197,0.85625,0.15377025589818102,-0.09273746672552079,-0.050125639885663986,30,-35.23536863327026,-0.6751096248626709,0.0008309322947239253
2,915,5,2560,-1.3541382551193237,1000.0,0.34254467487335205,0.4304363874718547,48.032658,0.8681640625,0.15377025589818102,-0.09888339305762202,-0.07980959117412567,40,-35.14156799316406,-0.08894896507263184,0.0008309322947239253
3,916,6,3072,-1.3395256996154785,1000.0,0.34210893511772156,0.3693224584683776,77.36809,0.8744140625,0.15377025589818102,-0.092660221317783,-0.0743899941444397,50,-35.03813962936401,-0.7284649610519409,0.0008309322947239253
3,924,7,3584,-1.3395256996154785,1000.0,0.34215670824050903,0.4912597332149744,100.84368,0.866796875,0.15377025589818102,-0.0970193395158276,-0.04314229637384415,60,-34.958687210083006,-0.279931902885437,0.0008309322947239253
4,927,8,4096,-1.3303742408752441,1000.0,0.34221151471138,0.3813417671248317,142.85303,0.8720703125,0.15377025589818102,-0.08763610096648336,-0.04840662330389023,70,-35.003808403015135,-0.30320870876312256,0.0008309322947239253
4,932,9,4608,-1.3303742408752441,1000.0,0.34185895323753357,0.4927590023726225,84.73092,0.884765625,0.15377025589818102,-0.09549278472550213,-0.05972348153591156,80,-34.949690628051755,-0.6519089937210083,0.0008309322947239253
5,924,10,5120,-1.3643033504486084,1000.0,0.3418430685997009,0.3825743917375803,218.00261,0.8708984375,0.15377025589818102,-0.08797887656837702,-0.020752429962158203,90,-34.867289543151855,-0.4619476795196533,0.0008309322947239253
6,920,11,5632,-1.3643033504486084,1000.0,0.3417713940143585,0.5091838326305151,147.22865,0.8814453125,0.15377025589818102,-0.0885071266675368,-0.0050004273653030396,100,-34.8893424987793,-0.14668524265289307,0.0008309322947239253
6,911,12,6144,-1.3669167757034302,1000.0,0.3417574465274811,0.5297496948391199,316.935,0.8865234375,0.15377025589818102,-0.09484615833498537,-0.009788796305656433,110,-34.87184886932373,-0.27618205547332764,0.0008309322947239253
7,905,13,6656,-1.3669167757034302,1000.0,0.34151914715766907,0.42208007611334325,125.29148,0.8896484375,0.15377025589818102,-0.09462671214714646,-0.057429730892181396,120,-34.83313665390015,-0.1777489185333252,0.0008309322947239253
7,903,14,7168,-1.3419703245162964,1000.0,0.3415515720844269,0.42519891206175087,359.8223,0.88203125,0.15377025589818102,-0.09346720320172608,-0.04990563541650772,130,-34.78149538040161,-0.3771967887878418,0.0008309322947239253
8,902,15,7680,-1.3419703245162964,1000.0,0.34141805768013,0.5983549684286118,255.86285,0.879296875,0.15377025589818102,-0.08677033078856766,0.04332347214221954,140,-34.782622718811034,-0.1153637170791626,0.0008309322947239253
9,896,16,8192,-1.3546946048736572,1000.0,0.3411412835121155,0.5290692396461963,90.74028,0.873828125,0.15377025589818102,-0.09365517682163045,-0.024102896451950073,150,-34.71882677078247,-0.5813050270080566,0.0008309322947239253
9,896,17,8704,-1.3546946048736572,1000.0,0.34092557430267334,0.3473902394995093,171.74806,0.88203125,0.15377025589818102,-0.09139196453616023,-0.03855521231889725,160,-34.63054733276367,-0.08204317092895508,0.0008309322947239253
10,891,18,9216,-1.3544586896896362,1000.0,0.341101735830307,0.6092236135154963,126.65495,0.8896484375,0.15377025589818102,-0.09236330845160409,0.029352426528930664,170,-34.62324304580689,-0.245452880859375,0.0008309322947239253
10,887,19,9728,-1.3544586896896362,1000.0,0.34099963307380676,0.37302024140954015,321.21027,0.8892578125,0.15377025589818102,-0.08938493474852294,-0.05443036928772926,180,-34.640597915649415,-0.3835940361022949,0.0008309322947239253
11,883,20,10240,-1.3510243892669678,1000.0,0.34085142612457275,0.7655986659228802,295.5265,0.884765625,0.15377025589818102,-0.0907065621111542,0.06898435950279236,190,-34.59119052886963,-0.11530101299285889,0.0008309322947239253
12,880,21,10752,-1.3510243892669678,1000.0,0.340790331363678,0.4428034834563732,481.58878,0.8787109375,0.15377025589818102,-0.09296066355891526,-0.04476378858089447,200,-34.55657987594604,-0.44902682304382324,0.0008309322947239253
12,867,22,11264,-1.3400813341140747,1000.0,0.34047600626945496,0.44720893874764445,289.1973,0.8861328125,0.15377025589818102,-0.09116402938961983,-0.0061524659395217896,210,-34.51459341049194,0.20860129594802856,0.0008309322947239253
13,860,23,11776,-1.3400813341140747,1000.0,0.3398541510105133,0.4751646541059017,169.70714,0.8908203125,0.15377025589818102,-0.08660844515543431,-0.04066493362188339,220,-34.36528577804565,0.06841593980789185,0.0008309322947239253
14,857,24,12288,-1.3272907733917236,1000.0,0.33983778953552246,0.3941854450851679,208.66544,0.88984375,0.15377025589818102,-0.0940873122541234,-0.06062715873122215,230,-34.270325088500975,-0.4238879680633545,0.0008309322947239253
14,859,25,12800,-1.3272907733917236,1000.0,0.33970576524734497,0.48807724453508855,487.56293,0.884375,0.15377025589818102,-0.09175875093787908,-0.03712611645460129,240,-34.240518283844,-0.10488879680633545,0.0008309322947239253
15,857,26,13312,-1.3264408111572266,1000.0,0.33953866362571716,0.6112540937960148,392.23633,0.893359375,0.15377025589818102,-0.08362705502659082,0.11672287434339523,250,-34.197374725341795,-0.019191861152648926,0.0008309322947239253
16,856,27,13824,-1.3264408111572266,1000.0,0.3394140899181366,0.57627381272614,129.44962,0.8958984375,0.15377025589818102,-0.08620528874453157,-0.015355788171291351,260,-34.15803632736206,-0.22556781768798828,0.0008309322947239253
16,853,28,14336,-1.323076605796814,1000.0,0.3393937349319458,0.5102446533739566,160.09842,0.888671875,0.15377025589818102,-0.08901905850507319,-0.022243142127990723,270,-34.13503122329712,-0.011049866676330566,0.0008309322947239253
17,848,29,14848,-1.323076605796814,1000.0,0.3393530249595642,0.4925748389214277,75.371315,0.8876953125,0.15377025589818102,-0.08747736918739975,-0.04159146547317505,280,-34.133130836486814,0.17888134717941284,0.0008309322947239253
18,837,30,15360,-1.3177813291549683,1000.0,0.3390601873397827,0.5208930928260088,367.3917,0.884375,0.15377025589818102,-0.09219287920277566,-0.010972343385219574,290,-34.074420070648195,-0.456598162651062,0.0008309322947239253
18,836,31,15872,-1.3177813291549683,1000.0,0.3388560116291046,0.6540580373257399,173.15091,0.88671875,0.15377025589818102,-0.08494906164705754,0.008121185004711151,300,-33.99171867370605,-0.23002028465270996,0.0008309322947239253
19,835,32,16384,-1.3304471969604492,1000.0,0.33878374099731445,0.6338847711682319,231.29095,0.8841796875,0.15377025589818102,-0.08722238205373287,0.0311419740319252,310,-33.94976167678833,-0.09538745880126953,0.0008309322947239253
20,835,33,16896,-1.3304471969604492,1000.0,0.33891937136650085,0.4897442661225796,2344.3818,0.8787109375,0.15377025589818102,-0.0873919946141541,0.021268032491207123,320,-33.96431474685669,-0.10103952884674072,0.0008309322947239253
20,834,34,17408,-1.3365949392318726,1000.0,0.33857017755508423,0.6399325575679541,227.93271,0.8890625,0.15377025589818102,-0.094742153538391,0.05481399595737457,330,-33.936663913726804,-0.35401082038879395,0.0008309322947239253
21,834,35,17920,-1.3365949392318726,1000.0,0.3384033441543579,0.5222238879650831,382.78494,0.8923828125,0.15377025589818102,-0.09065969137009233,-0.00905037671327591,340,-33.849667930603026,0.08581000566482544,0.0008309322947239253
22,833,36,18432,-1.3370535373687744,1000.0,0.338072270154953,0.6765866424888373,207.04312,0.8830078125,0.15377025589818102,-0.09122096449136734,0.009820312261581421,350,-33.77850780487061,0.05280572175979614,0.0008309322947239253
22,832,37,18944,-1.3370535373687744,1000.0,0.3378765881061554,0.5771106082946063,292.21075,0.883203125,0.15377025589818102,-0.09128108965232969,-0.005482710897922516,360,-33.68981294631958,0.09590834379196167,0.0008309322947239253
23,830,38,19456,-1.326258659362793,1000.0,0.3377171754837036,0.6814741108566522,339.5181,0.8880859375,0.15377025589818102,-0.0901522479020059,0.04239797592163086,370,-33.623866653442384,-0.6472312211990356,0.0008309322947239253
24,829,39,19968,-1.326258659362793,1000.0,0.3376694619655609,0.4161301366984844,353.8591,0.891796875,0.15377025589818102,-0.0930902290623635,0.022144682705402374,380,-33.61927947998047,0.07125520706176758,0.0008309322947239253
24,828,40,20480,-1.3149182796478271,1000.0,0.33742737770080566,0.6332181267440319,417.4286,0.889453125,0.15377025589818102,-0.08395710284821689,0.06523048132658005,390,-33.56615219116211,-0.046030640602111816,0.0008309322947239253
